Title,Worldwide_Gross,Release_Date,MPAA_Rating,Major_Genre,Rotten_Tomatoes_Rating,IMDB_Rating
Boynton Beach Club,3127472,Mar 24 2006,R,Romantic Comedy,,
Broken Arrow,148345997,Feb 09 1996,R,Action,55,5.8
Brazil,9929135,Dec 18 1985,R,Black Comedy,98,8
The Cable Guy,102825796,Jun 14 1996,PG-13,Comedy,52,5.8
Chain Reaction,60209334,Aug 02 1996,PG-13,Action,13,5.2
City Hall,20278055,Feb 16 1996,R,Drama,55,6.1
Courage Under Fire,100833145,Jul 12 1996,R,Drama,85,6.6
Dante's Peak,178200000,Feb 07 1997,PG-13,Drama,28,5.6
Daylight,158908290,Dec 06 1996,PG-13,Action,22,5.4
Dragonheart,104364680,May 31 1996,PG-13,Adventure,50,6.2
Emma,37831658,Aug 02 1996,PG,Romantic Comedy,,6.8
Escape from L.A.,25426861,Aug 09 1996,R,Action,56,5.3
Eraser,234400000,Jun 21 1996,R,Action,34,5.9
From Dusk Till Dawn,25728961,Jan 19 1996,R,Horror,63,7.1
First Morning,87264,Jul 15 2005,PG-13,Drama,,
Fled,19892205,Jul 19 1996,R,Action,14,4.9
Fantasia 2000 (IMAX),60507228,Jan 01 2000,G,Musical,,
Fargo,51204567,Mar 08 1996,R,Thriller/Suspense,94,8.3
The First Wives Club,181489203,Sep 20 1996,PG,Comedy,41,5.6
The Ghost and the Darkness,38564422,Oct 11 1996,R,Action,51,6.6
The Glimmer Man,36404841,Oct 04 1996,R,Action,13,4.9
Gone with the Wind,390525192,Dec 15 2039,G,Drama,97,8.2
Happy Gilmore,38623460,Feb 16 1996,PG-13,Comedy,58,6.9
Harriet the Spy,26570048,Jul 10 1996,PG,Adventure,45,5.8
Independence Day,817400878,Jul 02 1996,PG-13,Adventure,61,6.5
The Island of Dr. Moreau,27682712,Aug 23 1996,PG-13,Adventure,23,4.1
The Island,15716828,Jun 13 1980,PG-13,Adventure,,6.9
Jack,58617334,Aug 09 1996,PG-13,Drama,17,5.3
Jingle All the Way,129832389,Nov 22 1996,PG,Comedy,16,4.9
The Juror,22730924,Feb 02 1996,R,Thriller/Suspense,16,5.3
Kingpin,32223424,Jul 26 1996,R,Comedy,51,6.7
The Long Kiss Goodnight,33447612,Oct 11 1996,R,Action,69,6.6
Last Man Standing,18115927,Sep 20 1996,R,Action,,
Aliens,183316455,Jul 18 1986,R,Action,100,7.5
Mars Attacks!,101371017,Dec 13 1996,PG-13,Comedy,50,6.3
The Mirror Has Two Faces,41267469,Nov 15 1996,PG-13,Romantic Comedy,54,6
Mission: Impossible,456481886,May 21 1996,PG-13,Action,,6.9
Multiplicity,20133326,Jul 17 1996,PG-13,Comedy,44,5.7
The English Patient,231716374,Nov 15 1996,R,Drama,83,7.3
The Nutty Professor,273814019,Jun 28 1996,PG-13,Comedy,67,5.6
Phenomenon,142836382,Jul 05 1996,PG,Drama,50,6.3
The Phantom,17220599,Jun 07 1996,PG,Action,43,4.8
The Adventures of Pinocchio,36682170,Jul 26 1996,G,Adventure,27,5.3
Ransom,308700000,Nov 08 1996,R,Action,70,6.6
Rumble in the Bronx,36238752,Feb 23 1996,R,Action,,
Romeo+Juliet,147542381,Nov 01 1996,PG-13,Drama,,6.5
The Rock,336069511,Jun 07 1996,R,Action,66,7.2
Sgt. Bilko,37956589,Mar 29 1996,PG,Comedy,33,5.2
Shine,35811509,Nov 22 1996,PG-13,Drama,90,7.6
Set It Off,36049108,Nov 06 1996,R,Drama,61,6.3
Thinner,15171475,Oct 25 1996,R,Horror,18,5.3
Sling Blade,34175000,Nov 20 1996,R,Drama,96,8
Sleepers,165600852,Oct 18 1996,R,Drama,73,7.3
Stonewall,304602,Jul 26 1996,R,Drama,,7
Striptease,32773011,Jun 28 1996,R,Comedy,12,3.9
Saints and Soldiers,1310470,Aug 06 2004,PG-13,Drama,,7
Spy Hard,26936265,May 24 1996,PG-13,Comedy,7,4.7
Tin Cup,75854588,Aug 16 1996,R,Romantic Comedy,69,6.1
The Fan,18582965,Aug 16 1996,R,Thriller/Suspense,40,5.6
The Craft,55669466,May 03 1996,R,Thriller/Suspense,45,5.9
Trainspotting,24000785,Jul 19 1996,R,Drama,89,8.2
A Time to Kill,152266007,Jul 24 1996,R,Drama,68,7.1
That Thing You Do!,31748615,Oct 04 1996,PG,Drama,92,6.7
Twister,495900000,May 10 1996,PG-13,Action,57,6
The Work and the Glory: American Zion,2025032,Oct 21 2005,PG-13,Drama,,5.6
The Wizard of Oz,28202232,Aug 25 2039,G,Musical,,8.3
Executive Decision,122079192,Mar 15 1996,R,Thriller/Suspense,65,6.3
Extreme Measures,17378193,Sep 27 1996,R,Drama,55,5.9
Eye for an Eye,26792700,Jan 12 1996,R,Drama,,5.7
102 Dalmatians,66941559,Nov 22 2000,G,Comedy,30,4.4
Ten Things I Hate About You,38177966,Mar 31 1999,PG-13,Romantic Comedy,,6.9
12 Rounds,18184083,Mar 27 2009,PG-13,Action,28,5.4
13 Going On 30,96439723,Apr 23 2004,PG-13,Comedy,,6.1
Thirteen Ghosts,68467960,Oct 26 2001,R,Horror,,5.1
1408,128529299,Jun 22 2007,PG-13,Horror,78,6.9
15 Minutes,56331864,Mar 09 2001,R,Thriller/Suspense,32,6.1
2012,766812167,Nov 13 2009,PG-13,Action,39,6.2
28 Days,62063972,Apr 14 2000,PG-13,Comedy,30,5.8
28 Days Later...,82719885,Jun 27 2003,R,Horror,89,7.6
28 Weeks Later,64238440,May 11 2007,R,Horror,,7.1
2 For the Money,27848418,Oct 07 2005,R,Drama,,
Secondhand Lions,47855342,Sep 19 2003,PG,Drama,60,7.5
Two Can Play That Game,22391450,Sep 07 2001,R,Romantic Comedy,43,5.6
Two Weeks Notice,199043309,Dec 20 2002,PG-13,Romantic Comedy,42,5.8
300,456068181,Mar 09 2007,R,Action,60,7.8
Three Kings,107752036,Oct 01 1999,R,Action,94,7.3
3:10 to Yuma,69791889,Sep 02 2007,R,Western,89,7.9
40 Days and 40 Nights,95092667,Mar 01 2002,R,Romantic Comedy,38,5.4
The 40 Year-old Virgin,177339049,Aug 19 2005,R,Comedy,,7.5
Four Brothers,92494381,Aug 12 2005,R,Drama,52,6.8
50 First Dates,196376832,Feb 13 2004,PG-13,Romantic Comedy,44,6.8
The 6th Day,96024898,Nov 17 2000,PG-13,Action,40,5.8
88 Minutes,32955399,Apr 18 2008,R,Thriller/Suspense,5,5.9
8 Mile,242924075,Nov 08 2002,R,Drama,74,6.7
The Whole Nine Yards,85262492,Feb 18 2000,R,Comedy,45,6.6
About a Boy,129949664,May 17 2002,PG-13,Romantic Comedy,93,7.4
A Bug's Life,363109485,Nov 20 1998,G,Adventure,91,7.3
Absolute Power,50068310,Feb 14 1997,R,Thriller/Suspense,46,6.5
Aeon Flux,47953341,Dec 02 2005,PG-13,Action,10,8.1
After the Sunset,38329114,Nov 12 2004,PG-13,Action,18,6.2
A Good Year,42064105,Nov 10 2006,PG-13,Drama,24,6.8
Agora,32912303,May 28 2010,R,Drama,,7.3
Air Bud,27555061,Aug 01 1997,PG,Comedy,45,4.6
Air Force One,315268353,Jul 25 1997,R,Action,78,6.3
All the King's Men,9521458,Sep 22 2006,PG-13,Drama,11,6
The Alamo,23911362,Apr 09 2004,PG-13,Western,30,5.9
All About the Benjamins,25873145,Mar 08 2002,R,Comedy,29,5.3
Sweet Home Alabama,163379330,Sep 27 2002,PG-13,Comedy,37,5.8
Fat Albert,48563556,Dec 25 2004,PG,Comedy,21,4
Ali,84383966,Dec 25 2001,R,Drama,67,6.6
Alien: Resurrection,160700000,Nov 26 1997,R,Action,,6.2
Almost Famous,47371191,Sep 15 2000,R,Comedy,88,8
Evan Almighty,173219280,Jun 22 2007,PG,Comedy,23,5.5
Bruce Almighty,485004995,May 23 2003,PG-13,Comedy,48,6.6
Alone in the Dark,8178569,Jan 28 2005,R,Horror,1,2.3
Along Came a Spider,105159085,Apr 06 2001,R,Thriller/Suspense,32,6.1
Alvin and the Chipmunks,360578644,Dec 14 2007,PG,Comedy,27,5.5
Alexander,167297191,Nov 24 2004,R,Adventure,16,5.4
American Beauty,356258047,Sep 15 1999,R,Drama,89,8.6
An American Carol,7013191,Oct 03 2008,PG-13,Comedy,12,4.5
Le Fabuleux destin d'AmÈlie Poulain,174201661,Nov 02 2001,R,Comedy,,8.5
American Gangster,265697825,Nov 02 2007,R,Drama,79,7.9
Amistad,44212592,Dec 12 1997,R,Drama,77,7.1
American Pie 2,286500000,Aug 10 2001,R,Comedy,52,6.2
American Wedding,126425115,Aug 01 2003,R,Comedy,56,6.1
American Pie,234800000,Jul 09 1999,R,Comedy,59,6.9
America's Sweethearts,157627733,Jul 20 2001,PG-13,Romantic Comedy,32,5.7
The Amityville Horror,108047131,Apr 15 2005,R,Horror,24,5.8
Anacondas: The Hunt for the Blood Orchid,70326393,Aug 27 2004,PG-13,Horror,,4.3
Anaconda,136998907,Apr 11 1997,PG-13,Horror,38,4.2
Anastasia,139801410,Nov 14 1997,G,Musical,85,6.6
Anchorman: The Legend of Ron Burgundy,89366354,Jul 09 2004,PG-13,Comedy,,7
Angel Eyes,24044532,May 18 2001,R,Drama,32,5.5
Anger Management,195660942,Apr 11 2003,PG-13,Comedy,43,6.1
A Night at the Roxbury,30331165,Oct 02 1998,PG-13,Comedy,11,5.7
The Animal,55762229,Jun 01 2001,PG-13,Comedy,30,4.6
Anna and the King,39251128,Dec 17 1999,PG-13,Drama,51,6.5
Analyze That,54994757,Dec 06 2002,R,Comedy,27,5.6
Analyze This,176885658,Mar 05 1999,R,Comedy,68,6.6
Antz,152457863,Oct 02 1998,PG,Adventure,95,6.8
Anywhere But Here,18653615,Nov 12 1999,PG-13,Drama,64,5.9
Apocalypto,117785051,Dec 08 2006,R,Adventure,64,7.9
The Apostle,21277770,Dec 17 1997,PG-13,Drama,91,7.1
Are We There Yet?,97918663,Jan 21 2005,PG,Romantic Comedy,12,4.2
Arlington Road,24419219,Jul 09 1999,R,Thriller/Suspense,60,7.2
Armageddon,554600000,Jul 01 1998,PG-13,Adventure,42,6.1
King Arthur,203877963,Jul 07 2004,PG-13,Adventure,31,6.2
Arthur et les Minimoys,110102340,Dec 15 2006,PG,Adventure,,5.9
Artificial Intelligence: AI,235900000,Jun 29 2001,PG-13,Drama,,6.9
The Art of War,30199105,Aug 25 2000,R,Thriller/Suspense,16,5.5
Astro Boy,44093014,Oct 23 2009,PG,Adventure,,6.4
The Astronaut Farmer,11003643,Feb 23 2007,PG,Drama,,6.4
As Good as it Gets,314111923,Dec 24 1997,PG-13,Romantic Comedy,85,7.8
A Simple Plan,16316273,Dec 11 1998,R,Drama,90,7.6
The A-Team,176047914,Jun 11 2010,PG-13,Action,47,7.2
At First Sight,22365133,Jan 15 1999,PG-13,Drama,33,5.6
Atlantis: The Lost Empire,186049020,Jun 08 2001,PG,Adventure,,6.4
Hearts in Atlantis,30885781,Sep 28 2001,PG-13,Drama,49,6.8
Autumn in New York,90717684,Aug 11 2000,PG-13,Drama,21,4.8
Atonement,129425746,Dec 07 2007,R,Drama,83,7.9
August Rush,65627510,Nov 17 2007,PG,Drama,37,7.5
Across the Universe,29367143,Sep 14 2007,PG-13,Musical,53,7.5
Austin Powers: The Spy Who Shagged Me,309600000,Jun 10 1999,PG-13,Comedy,,6.6
Austin Powers in Goldmember,292738626,Jul 25 2002,PG-13,Comedy,54,6.2
Austin Powers: International Man of Mystery,67683989,May 02 1997,PG-13,Comedy,,7.1
The Avengers,48585416,Aug 14 1998,PG-13,Action,15,3.4
The Aviator,214608827,Dec 17 2004,PG-13,Drama,88,7.6
AVP: Alien Vs. Predator,172543519,Aug 13 2004,PG-13,Horror,,5.4
Around the World in 80 Days,72004159,Jun 16 2004,PG,Adventure,30,5.6
Away We Go,10108016,Jun 05 2009,R,Comedy,66,7.3
Don't Say a Word,104488383,Sep 28 2001,R,Thriller/Suspense,23,6.1
Babe: Pig in the City,69131860,Nov 25 1998,G,Adventure,61,6.1
Babylon A.D.,70216497,Aug 29 2008,PG-13,Action,7,5.3
Baby Geniuses,27151490,Mar 12 1999,PG,Comedy,2,2.2
Bad Boys II,272940870,Jul 18 2003,R,Action,24,6.2
Bad Company,69157016,Jun 07 2002,PG-13,Action,10,5.3
Boys and Girls,21799652,Jun 16 2000,PG-13,Romantic Comedy,11,4.9
Bangkok Dangerous,46598133,Sep 05 2008,R,Action,9,5.4
The Banger Sisters,38067218,Sep 20 2002,R,Comedy,47,5.5
Basic,42598498,Mar 28 2003,R,Thriller/Suspense,21,6.3
Batman Begins,372353017,Jun 15 2005,PG-13,Action,84,8.3
Battlefield Earth: A Saga of the Year 3000,29725663,May 12 2000,PG-13,Action,,2.3
The Dark Knight,1022345358,Jul 18 2008,PG-13,Action,93,8.9
Baby Boy,28734552,Jun 27 2001,R,Drama,69,6.1
The Curious Case of Benjamin Button,329809326,Dec 25 2008,PG-13,Drama,72,8
Baby Mama,64391484,Apr 25 2008,PG-13,Comedy,63,6.1
Bless the Child,40435694,Aug 11 2000,R,Thriller/Suspense,3,4.8
The Bachelor,36882378,Nov 05 1999,PG-13,Romantic Comedy,9,4.8
Be Cool,94849401,Mar 04 2005,PG-13,Comedy,30,5.6
Big Daddy,234779795,Jun 25 1999,PG-13,Comedy,40,4.7
Bedazzled,90376224,Oct 20 2000,PG-13,Comedy,49,5.9
Body of Lies,108394666,Oct 10 2008,R,Thriller/Suspense,52,7.2
Blood Diamond,171377916,Dec 08 2006,R,Action,62,8
Mr. Bean's Holiday,229736344,Aug 24 2007,G,Comedy,50,6
Beavis and Butt-head Do America,63118386,Dec 20 1996,PG-13,Comedy,71,6.6
Bend it Like Beckham,76583333,Mar 12 2003,PG-13,Drama,,6.9
In the Bedroom,43430604,Nov 23 2001,R,Drama,93,7.5
Bee Movie,287594577,Nov 02 2007,PG,Comedy,51,6.3
Being John Malkovich,32382381,Oct 29 1999,R,Black Comedy,92,7.9
Behind Enemy Lines,58855732,Nov 30 2001,PG-13,Action,36,6.1
Beloved,22852487,Oct 16 1998,R,Drama,77,5.3
Beowulf,194995215,Nov 16 2007,PG-13,Adventure,70,6.6
Big Fat Liar,52375275,Feb 08 2002,PG,Comedy,43,5.2
Big Fish,123432867,Dec 10 2003,PG-13,Drama,77,8.1
The Big Hit,27066941,Apr 24 1998,R,Action,41,5.8
The Big Lebowski,46189568,Mar 06 1998,R,Comedy,78,8.2
Big Momma's House,173559438,Jun 02 2000,PG-13,Comedy,30,4.7
Black Hawk Down,173638745,Dec 28 2001,R,Action,76,7.7
Billy Elliot,109280263,Oct 13 2000,PG-13,Drama,85,7.7
Bicentennial Man,87420776,Dec 17 1999,PG,Drama,38,6.4
Becoming Jane,37304637,Aug 03 2007,PG,Romantic Comedy,58,7
Bridget Jones: The Edge Of Reason,263894551,Nov 12 2004,R,Romantic Comedy,,5.6
Bridget Jones's Diary,281527158,Apr 13 2001,R,Romantic Comedy,80,6.8
Blade,131237688,Aug 21 1998,R,Action,55,7
The Blair Witch Project,248300000,Jul 14 1999,R,Horror,85,6.2
Blast from the Past,26613620,Feb 12 1999,PG-13,Comedy,60,6.4
Blade 2,154338601,Mar 22 2002,R,Action,,5.5
Blade: Trinity,132397389,Dec 08 2004,R,Action,,5.7
Blades of Glory,145594548,Mar 30 2007,PG-13,Comedy,69,6.5
Blood Work,26199517,Aug 09 2002,R,Thriller/Suspense,54,6.3
Black Christmas,16235738,Dec 25 2006,R,Horror,15,4.3
Black Snake Moan,9396870,Mar 02 2007,R,Drama,66,7.1
"Legally Blonde 2: Red, White & Blonde",125339088,Jul 02 2003,PG,Comedy,,
Legally Blonde,141743426,Jul 13 2001,PG-13,Comedy,67,6.2
Blow,83282296,Apr 06 2001,R,Drama,54,7.4
Blue Crush,51327420,Aug 16 2002,PG-13,Drama,62,5.5
A Beautiful Mind,316708996,Dec 21 2001,PG-13,Drama,78,8
Bandits,71523271,Oct 12 2001,PG-13,Comedy,63,6.5
Bobby,20597806,Nov 17 2006,R,Drama,46,7.1
The Bone Collector,151463090,Nov 05 1999,R,Thriller/Suspense,27,6.3
Boogie Nights,43111725,Oct 10 1997,R,Drama,92,7.9
Borat,261572744,Nov 03 2006,R,Comedy,,7.7
The Bourne Identity,213300000,Jun 14 2002,PG-13,Action,82,7.7
The Bourne Supremacy,288587450,Jul 23 2004,PG-13,Action,81,7.6
The Bourne Ultimatum,442161562,Aug 03 2007,PG-13,Action,93,8.2
The Borrowers,54045832,Feb 13 1998,PG,Comedy,,5.6
Bounce,53399300,Nov 17 2000,PG-13,Drama,51,5.5
The Boy in the Striped Pyjamas,39830581,Nov 07 2008,PG-13,Drama,,7.8
Heartbreakers,57753825,Mar 23 2001,PG-13,Comedy,52,6.2
Bringing Out The Dead,16640210,Oct 22 1999,R,Black Comedy,71,6.8
Breakdown,50159144,May 02 1997,R,Thriller/Suspense,79,
Brokeback Mountain,180343761,Dec 09 2005,R,Drama,87,7.8
Brooklyn Rules,458232,May 18 2007,R,Drama,,6.4
The Brothers,27958191,Mar 23 2001,R,Comedy,63,2.8
Brown Sugar,28315272,Oct 11 2002,PG-13,Romantic Comedy,64,6
Barbershop 2: Back in Business,65842412,Feb 06 2004,PG-13,Comedy,,5.5
Barbershop,77081642,Sep 13 2002,PG-13,Comedy,82,6.2
Best in Show,20695413,Sep 27 2000,PG-13,Comedy,94,7.4
Bad Santa,60063017,Nov 26 2003,R,Comedy,77,7.3
Inglourious Basterds,320389438,Aug 21 2009,R,Action,88,8.4
Blue Streak,117448157,Sep 17 1999,PG-13,Action,35,5.9
The Butterfly Effect,96046844,Jan 23 2004,R,Thriller/Suspense,33,7.8
"O Brother, Where Art Thou",65976782,Dec 22 2000,PG-13,Comedy,,
Batman & Robin,238317814,Jun 20 1997,PG-13,Action,11,3.5
Bulworth,29203383,May 15 1998,R,Comedy,75,6.8
W.,28575778,Oct 17 2008,PG-13,Drama,60,
Bowfinger,98699769,Aug 13 1999,PG-13,Comedy,79,6.4
Bewitched,131413159,Jun 24 2005,PG-13,Comedy,24,4.8
Barnyard: The Original Party Animals,116618084,Aug 04 2006,PG,Comedy,23,
Cadillac Records,8138000,Dec 05 2008,R,Drama,67,6.7
Can't Hardly Wait,25358996,Jun 12 1998,PG-13,Comedy,44,6.2
The Rage: Carrie 2,17760244,Mar 12 1999,R,Horror,16,4.3
Cast Away,427230516,Dec 22 2000,PG-13,Drama,89,7.5
Catch Me if You Can,351106800,Dec 25 2002,PG-13,Drama,96,5.7
The Cat in the Hat,133818283,Nov 21 2003,PG,Comedy,,3.4
Catwoman,82102379,Jul 23 2004,PG-13,Action,10,3.2
The Corpse Bride,117359111,Sep 16 2005,PG,Adventure,,
Collateral Damage,78353508,Feb 08 2002,R,Action,,5.2
Crocodile Dundee in Los Angeles,39393111,Apr 20 2001,PG,Adventure,12,4.6
The Cell,61280963,Aug 18 2000,R,Thriller/Suspense,46,6.2
Cellular,45261739,Sep 10 2004,PG-13,Thriller/Suspense,54,6.5
City of Ember,11817059,Oct 10 2008,PG,Adventure,53,6.4
Charlie and the Chocolate Factory,474459076,Jul 15 2005,PG,Comedy,82,7.1
Catch a Fire,5699773,Oct 27 2006,PG-13,Thriller/Suspense,76,6.8
Charlie's Angels: Full Throttle,227200000,Jun 27 2003,PG-13,Action,,4.7
Charlie's Angels,263200000,Nov 03 2000,PG-13,Adventure,67,5.5
Chicago,307687518,Dec 27 2002,PG-13,Musical,88,7.2
Chicken Little,314432738,Nov 04 2005,G,Adventure,36,5.8
Chicken Run,227793915,Jun 21 2000,G,Adventure,96,7.3
Cheaper by the Dozen,189714544,Dec 25 2003,PG,Comedy,24,5.6
Cheaper by the Dozen 2,135015330,Dec 21 2005,PG,Comedy,7,5.2
Bride of Chucky,50692188,Oct 16 1998,R,Horror,43,5.3
Children of Men,69450202,Dec 25 2006,R,Thriller/Suspense,93,8.1
Love in the Time of Cholera,31077418,Nov 16 2007,R,Drama,27,6.2
Chocolat,152500343,Dec 15 2000,PG-13,Drama,62,7.3
Charlotte's Web,143985708,Dec 15 2006,G,Drama,78,6.7
Cinderella Man,108539911,Jun 03 2005,PG-13,Drama,80,8
A Cinderella Story,70067909,Jul 16 2004,PG,Romantic Comedy,10,5.4
City of Angels,198750909,Apr 10 1998,PG-13,Drama,59,6.4
A Civil Action,56709981,Dec 25 1998,PG-13,Drama,61,6.4
The Santa Clause 2,172825854,Nov 01 2002,G,Comedy,,5.5
Cold Mountain,161632614,Dec 25 2003,R,Drama,70,7.3
Code Name: The Cleaner,8135024,Jan 05 2007,PG-13,Comedy,4,4
Closer,115987757,Dec 03 2004,R,Drama,68,2.9
Maid in Manhattan,154832896,Dec 13 2002,PG-13,Romantic Comedy,39,4.6
Constantine,230884728,Feb 18 2005,R,Action,46,6.7
Coach Carter,76669806,Jan 14 2005,PG-13,Drama,65,7.1
Agent Cody Banks 2: Destination London,28703083,Mar 12 2004,PG,Comedy,,4.1
Agent Cody Banks,58240458,Mar 14 2003,PG,Comedy,38,5.1
Collateral,217670152,Aug 06 2004,R,Action,86,7.8
College,5629618,Aug 29 2008,R,Comedy,5,4.3
Con Air,224117573,Jun 06 1997,R,Action,57,6.6
Conspiracy Theory,137118990,Aug 08 1997,R,Thriller/Suspense,51,6.5
Contact,165900000,Jul 11 1997,PG,Drama,67,7.3
Copying Beethoven,355968,Nov 10 2006,PG-13,Drama,,6.8
Corky Romano,23978402,Oct 12 2001,PG-13,Comedy,5,4.2
Coraline,124062750,Feb 06 2009,PG,Adventure,89,7.8
Confessions of a Teenage Drama Queen,33051296,Feb 20 2004,PG,Comedy,13,4.3
The Covenant,38164784,Sep 08 2006,PG-13,Thriller/Suspense,3,4.8
Cop Land,63706632,Aug 15 1997,R,Drama,71,6.9
Couples Retreat,172450423,Oct 09 2009,PG-13,Comedy,12,5.5
Crank,33824696,Sep 01 2006,R,Action,61,7.1
Cradle 2 the Grave,56434942,Feb 28 2003,R,Horror,26,5.4
Crocodile Hunter: Collision Course,33436931,Jul 12 2002,PG,Comedy,,
The Corruptor,15164492,Mar 12 1999,R,Action,48,5.8
Man cheng jin dai huang jin jia,75566773,Dec 21 2006,R,Action,,7
Crash,98387109,May 06 2005,R,Drama,75,6.1
Crossroads,57000000,Feb 15 2002,PG-13,Drama,14,6.6
The Count of Monte Cristo,54228104,Jan 25 2002,PG-13,Drama,74,7.6
Cruel Intentions,75803716,Mar 05 1999,R,Drama,47,6.7
Clockstoppers,38788828,Mar 29 2002,PG,Adventure,28,5
Cats & Dogs,200700000,Jul 04 2001,PG,Comedy,53,5.2
The City of Your Final Destination,493296,Apr 16 2010,PG-13,Drama,40,6.6
Coyote Ugly,115786269,Aug 04 2000,PG-13,Drama,21,5.3
Cloudy with a Chance of Meatballs,139525862,Sep 18 2009,PG,Comedy,86,7.2
Daddy Day Camp,18197398,Aug 08 2007,PG,Comedy,1,2.4
Daddy Day Care,164285587,May 09 2003,PG,Comedy,28,5.5
The Black Dahlia,46672813,Sep 15 2006,R,Thriller/Suspense,33,5.6
Diary of a Mad Black Woman,50425450,Feb 25 2005,PG-13,Drama,16,4.9
Dance Flick,32092761,May 22 2009,PG-13,Comedy,17,3.4
Daredevil,179179718,Feb 14 2003,PG-13,Action,44,5.5
Dawn of the Dead,102290765,Mar 19 2004,R,Horror,76,7.4
The Great Debaters,30226144,Dec 25 2007,PG-13,Drama,79,7.6
Double Jeopardy,177835231,Sep 24 1999,R,Action,25,6
Deep Blue Sea,165048228,Jul 28 1999,R,Action,57,5.6
Drive Me Crazy,22591451,Oct 01 1999,PG-13,Comedy,26,5.1
Mr. Deeds,171269535,Jun 28 2002,PG-13,Comedy,22,5.5
DÈj‡ Vu,181038616,Nov 22 2006,PG-13,Thriller/Suspense,,7
Delgo,915840,Dec 12 2008,PG,Adventure,12,4.4
Despicable Me,333572855,Jul 09 2010,PG,Comedy,80,7.7
Deuce Bigalow: Male Gigolo,92935067,Dec 10 1999,R,Comedy,23,5.6
Darkness Falls,32539681,Jan 24 2003,PG-13,Horror,8,4.6
Dragonfly,30063805,Feb 22 2002,PG-13,Drama,7,5.8
Live Free or Die Hard,383531464,Jun 27 2007,PG-13,Action,82,7.5
Banlieue 13,11208291,Jun 02 2006,R,Action,,7.1
Disaster Movie,34690901,Aug 29 2008,PG-13,Comedy,2,1.7000000000000002
District 9,206552113,Aug 14 2009,R,Thriller/Suspense,91,8.3
Disturbing Behavior,17507368,Jul 24 1998,R,Thriller/Suspense,30,5.2
Dead Man on Campus,15064948,Aug 21 1998,R,Black Comedy,15,5.6
Dinosaur,356148063,May 19 2000,PG,Adventure,65,6.2
Dogma,43948865,Nov 12 1999,R,Comedy,68,7.3
Domestic Disturbance,45207112,Nov 02 2001,PG-13,Thriller/Suspense,24,5.3
Domino,17759202,Oct 14 2005,R,Action,19,5.9
Donnie Brasco,55954997,Feb 28 1997,R,Drama,87,7.7
Doug's 1st Movie,19421271,Mar 26 1999,G,Adventure,,4.8
Deep Impact,349464664,May 08 1998,PG-13,Adventure,47,6
The Departed,290539042,Oct 06 2006,R,Drama,93,8.5
Dracula 2000,33000377,Dec 22 2000,R,Horror,15,4.8
Death Race,72516819,Aug 22 2008,R,Action,41,6.6
Drag Me To Hell,85724728,May 29 2009,PG-13,Horror,92,7.1
"Crouching Tiger, Hidden Dragon",213200000,Dec 08 2000,PG-13,Drama,,
Doctor Dolittle 2,176101721,Jun 22 2001,PG,Comedy,,6
Doctor Dolittle,294156605,Jun 26 1998,PG-13,Comedy,,5.2
Driven,54616869,Apr 27 2001,PG-13,Action,13,4.2
Dreamcatcher,75685268,Mar 21 2003,R,Drama,30,5.3
Dreamgirls,154965956,Dec 15 2006,PG-13,Musical,78,6.6
Drumline,56398162,Dec 13 2002,PG-13,Comedy,81,5.2
The Descent,57029609,Aug 04 2006,R,Thriller/Suspense,,7.4
The Master of Disguise,40363530,Aug 02 2002,PG,Comedy,2,3
Disturbia,117573043,Apr 13 2007,PG-13,Thriller/Suspense,68,7
Double Take,29823162,Jan 12 2001,PG-13,Action,12,6.8
Death at a Funeral,34743644,Aug 17 2007,R,Comedy,61,5.1
The Dukes of Hazzard,110570227,Aug 05 2005,PG-13,Comedy,13,4.7
Dumb and Dumberer: When Harry Met Lloyd,26214846,Jun 13 2003,PG-13,Comedy,10,3.3
Devil's Advocate,153007424,Oct 17 1997,R,Drama,,
D-War,79915361,Sep 14 2007,PG-13,Action,,3.8
Down to Earth,71172251,Feb 16 2001,PG-13,Comedy,19,5
Down to You,20035310,Jan 21 2000,PG-13,Romantic Comedy,3,4.4
EDtv,35319689,Mar 26 1999,PG-13,Comedy,62,6
Eagle Eye,178066569,Sep 26 2008,PG-13,Thriller/Suspense,27,6.6
8MM,96398826,Feb 26 1999,R,Thriller/Suspense,22,6.3
Election,14943582,Apr 23 1999,R,Black Comedy,92,7.4
Elf,220443451,Nov 07 2003,PG,Comedy,84,6.8
Elizabeth,82150642,Nov 06 1998,R,Drama,81,7.6
Ella Enchanted,22913677,Apr 09 2004,PG,Comedy,49,6.3
Once Upon a Time in Mexico,98156459,Sep 12 2003,R,Action,68,6.2
La marche de l'empereur,129437223,Jun 24 2005,G,Documentary,,7.8
Employee of the Month,38117718,Oct 06 2006,PG-13,Comedy,20,5.4
The Emperor's New Groove,169296573,Dec 15 2000,G,Adventure,85,7.4
Enchanted,340384141,Nov 21 2007,PG,Romantic Comedy,92,7.5
End of Days,212026975,Nov 24 1999,R,Action,11,5.4
Enemy at the Gates,96971293,Mar 16 2001,R,Drama,53,7.4
Enemy of the State,250649836,Nov 20 1998,R,Action,70,7.2
Entrapment,211700000,Apr 30 1999,PG-13,Thriller/Suspense,38,6.1
Enough,39177215,May 24 2002,PG-13,Thriller/Suspense,21,6.5
Epic Movie,86858578,Jan 26 2007,PG-13,Comedy,2,2.2
Eragon,249488115,Dec 15 2006,PG,Adventure,16,5
Erin Brockovich,258400000,Mar 17 2000,R,Drama,83,7.2
Elizabethtown,50719373,Oct 14 2005,PG-13,Drama,28,6.4
Eat Pray Love,81846373,Aug 13 2010,R,Drama,37,4.7
Eternal Sunshine of the Spotless Mind,47066518,Mar 19 2004,R,Comedy,93,8.5
Eve's Bayou,14843425,Nov 07 1997,R,Drama,80,7
Event Horizon,26673242,Aug 15 1997,R,Horror,21,6.3
Ever After: A Cinderella Story,65705772,Jul 31 1998,PG,Drama,,
Evita,151947179,Dec 25 1996,PG,Musical,61,6.1
Evolution,98341932,Jun 08 2001,PG-13,Comedy,42,5.9
Exit Wounds,79958599,Mar 16 2001,R,Action,33,5.2
The Exorcism of Emily Rose,144216468,Sep 09 2005,PG-13,Thriller/Suspense,45,6.8
Exorcist: The Beginning,43957541,Aug 20 2004,R,Horror,,5
The Express,9808102,Oct 04 2008,PG,Drama,61,7.1
Eyes Wide Shut,86257553,Jul 16 1999,R,Drama,78,7.2
The Faculty,40283321,Dec 25 1998,R,Horror,51,6.3
Keeping the Faith,45336404,Apr 14 2000,PG-13,Romantic Comedy,68,6.5
The Family Stone,91762868,Dec 16 2005,PG-13,Comedy,52,6.3
Father's Day,35681080,May 09 1997,PG-13,Comedy,,4.8
Face/Off,241200000,Jun 27 1997,R,Action,93,7.3
Final Destination 2,89626226,Jan 31 2003,R,Horror,47,6.4
The Fifth Element,263900000,May 09 1997,PG-13,Action,72,7.4
Bring it On,90453550,Aug 25 2000,PG-13,Comedy,63,5.9
Fantastic Four,330579719,Jul 08 2005,PG-13,Action,27,5.7
54,16757163,Aug 28 1998,R,Drama,13,5.6
2 Fast 2 Furious,236220058,Jun 06 2003,PG-13,Action,36,5.1
The Fast and the Furious,206512310,Jun 22 2001,PG-13,Action,53,6
Fahrenheit 9/11,222414517,Jun 23 2004,R,Documentary,83,7.6
From Hell,31598308,Oct 19 2001,R,Thriller/Suspense,57,6.8
Fido,419801,Jun 15 2007,R,Horror,,6.9
Fight Club,100853753,Oct 15 1999,R,Drama,81,8.8
Final Fantasy: The Spirits Within,85131830,Jul 11 2001,PG-13,Adventure,,6.4
Finding Forrester,80013623,Dec 19 2000,PG-13,Drama,74,7.2
Final Destination,112802314,Mar 17 2000,R,Horror,31,6.8
Flicka,21893591,Oct 20 2006,PG,Drama,54,5.7
Flubber,177993801,Nov 26 1997,PG,Comedy,17,4.6
Flushed Away,177665672,Nov 03 2006,PG,Comedy,72,7
Flyboys,14816379,Sep 22 2006,PG-13,Drama,33,6.5
Fly Me To the Moon,40098231,Aug 15 2008,G,Adventure,17,4.7
The Family Man,124715863,Dec 22 2000,PG-13,Comedy,52,6.6
Finding Nemo,867894287,May 30 2003,G,Adventure,98,8.2
The Fountain,15461638,Nov 22 2006,PG-13,Drama,51,7.4
Fantastic Four: Rise of the Silver Surfer,288215319,Jun 15 2007,PG,Action,36,
Flightplan,225706988,Sep 23 2005,PG-13,Thriller/Suspense,38,6.2
The Forbidden Kingdom,129075270,Apr 18 2008,PG-13,Action,64,6.7
Freedom Writers,43090741,Jan 05 2007,PG-13,Drama,69,7.5
Next Friday,59675307,Jan 12 2000,R,Comedy,21,5.3
Freaky Friday,160822438,Aug 06 2003,PG,Comedy,88,6.5
Frequency,68079671,Apr 28 2000,PG-13,Drama,69,7.3
Serenity,38514517,Sep 30 2005,PG-13,Action,81,8
The Forgotton,111311892,Sep 24 2004,PG-13,Thriller/Suspense,,4.9
Friday After Next,33526835,Nov 22 2002,R,Comedy,25,5.3
Frida,56298474,Oct 25 2002,R,Drama,76,7.3
Friday Night Lights,61950770,Oct 08 2004,PG-13,Drama,81,7.2
Fireproof,33451479,Sep 26 2008,PG,Drama,40,5.6
Frost/Nixon,28144586,Dec 05 2008,R,Drama,92,7.9
Factory Girl,1661464,Dec 29 2006,R,Drama,19,6.1
The Full Monty,257938649,Aug 13 1997,R,Comedy,95,7.2
Fun With Dick And Jane,202250000,Dec 21 2005,PG-13,Comedy,29,6.3
Fur,2281089,Nov 10 2006,R,Drama,,
For Your Consideration,5549923,Nov 17 2006,PG-13,Comedy,50,6.2
The Game,48265581,Sep 12 1997,R,Thriller/Suspense,80,7.7
Gangs of New York,190400000,Dec 20 2002,R,Drama,75,7.4
Garfield,200802638,Jun 11 2004,PG,Comedy,,4.8
Georgia Rule,20819601,May 11 2007,R,Drama,17,5.8
"Gone, Baby, Gone",34619699,Oct 19 2007,R,Drama,,
Good Boy!,45312217,Oct 10 2003,PG,Comedy,45,5
The Good German,1308696,Dec 15 2006,R,Drama,32,6.1
The Good Night,22441,Oct 05 2007,R,Romantic Comedy,29,6
Gridiron Gang,41480851,Sep 15 2006,PG-13,Drama,41,6.8
Ghost Ship,68349884,Oct 25 2002,R,Horror,13,5.3
Ghost Rider,237702596,Feb 16 2007,PG-13,Action,26,5.2
Ghost Town,26612350,Sep 19 2008,PG-13,Romantic Comedy,85,4.7
G.I.Jane,48169156,Aug 22 1997,R,Drama,,5.5
G.I. Joe: The Rise of Cobra,302469019,Aug 07 2009,PG-13,Action,,5.8
"Girl, Interrupted",28871190,Dec 21 1999,R,Drama,53,
Gladiator,457683805,May 05 2000,R,Action,77,8.3
Good Luck Chuck,59183821,Sep 21 2007,R,Romantic Comedy,5,5.6
The Green Mile,286601374,Dec 10 1999,R,Drama,77,8.4
The General's Daughter,149705852,Jun 18 1999,R,Drama,22,6.1
Go!,28383441,Apr 09 1999,R,Black Comedy,92,
Goal!,27610873,May 12 2006,PG,Drama,,6.9
Godzilla,376000000,May 19 1998,PG-13,Action,25,4.8
Good Will Hunting,225933435,Feb 20 1987,R,Drama,97,8.1
Gosford Park,41300105,Dec 26 2001,R,Comedy,86,7.3
The Game Plan,147914546,Sep 22 2007,PG,Comedy,27,6.3
Galaxy Quest,90523726,Dec 25 1999,PG,Comedy,89,7.2
Gracie,3036736,Jun 01 2007,PG-13,Drama,59,6.2
Garden State,32381151,Jul 28 2004,R,Drama,86,7.9
George Of The Jungle,174463257,Jul 16 1997,PG,Comedy,54,5.3
How the Grinch Stole Christmas,345141403,Nov 17 2000,PG,Comedy,53,5.7
Grindhouse,50187789,Apr 06 2007,R,Horror,,7.9
Wallace & Gromit: The Curse of the Were-Rabbit,185724838,Oct 05 2005,G,Adventure,95,7.9
Grosse Point Blank,28084357,Apr 11 1997,R,Black Comedy,,7.4
The Grudge 2,68643839,Oct 13 2006,PG-13,Horror,10,4.6
The Grudge,187281115,Oct 22 2004,PG-13,Horror,39,5.7
Grown Ups,250294625,Jun 25 2010,PG-13,Comedy,9,5.8
Guess Who,102115888,Mar 25 2005,PG-13,Comedy,43,5.7
Halloween 2,38512850,Aug 28 2009,R,Horror,,4.5
Hairspray,202823091,Jul 20 2007,PG,Musical,91,7.2
Half Baked,17394881,Jan 16 1998,R,Comedy,29,6.3
The Happening,163403799,Jun 13 2008,R,Thriller/Suspense,18,5.2
Harsh Times,5963961,Nov 10 2006,R,Drama,48,7
The House Bunny,70237389,Aug 22 2008,PG-13,Comedy,39,5.5
Hidalgo,107336658,Mar 05 2004,PG-13,Western,46,6.6
Hide and Seek,123100486,Jan 28 2005,R,Thriller/Suspense,12,5.6
Hoodwinked,110011106,Dec 16 2005,PG,Comedy,,6.7
Head of State,38283765,Mar 28 2003,PG-13,Comedy,30,5.1
He Got Game,21567853,May 01 1998,R,Drama,80,6.8
Heist,28483168,Nov 09 2001,R,Action,66,3.2
Hellboy,99823958,Apr 02 2004,PG-13,Action,81,6.8
Raising Helen,43340302,May 28 2004,PG-13,Comedy,22,5.7
Jet Li's Hero,177352140,Aug 27 2004,PG-13,Action,,
The Haunting,180188905,Jul 23 1999,PG-13,Horror,17,4.6
High Crimes,63781100,Apr 05 2002,PG-13,Thriller/Suspense,31,6.1
High Fidelity,47881663,Mar 31 2000,R,Comedy,92,7.6
Hitch,366784257,Feb 11 2005,PG-13,Romantic Comedy,69,5.7
Hitman,99965792,Nov 21 2007,R,Action,14,6.8
The Hills Have Eyes II,37466538,Mar 23 2007,R,Horror,,5
How to Lose Friends & Alienate People,12031443,Oct 03 2008,R,Comedy,36,6.7
Halloween: H2O,55041738,Aug 05 1998,R,Horror,,
Halloween: Resurrection,37659652,Jul 12 2002,R,Horror,,3.9
Home on the Range,76482461,Apr 02 2004,PG,Comedy,54,5.4
Hannibal Rising,80583311,Feb 09 2007,R,Thriller/Suspense,15,6
The Hangover,465132119,Jun 05 2009,R,Comedy,78,7.9
Hanging Up,51867723,Feb 18 2000,PG-13,Comedy,12,4.3
Holes,72383924,Apr 18 2003,PG,Drama,77,7.1
The Holiday,205190324,Dec 08 2006,PG-13,Romantic Comedy,47,6.9
Hollow Man,191200000,Aug 04 2000,R,Horror,28,5.5
Honey,62192232,Dec 05 2003,PG-13,Drama,20,4.6
Hope Floats,81529000,May 29 1998,PG-13,Drama,23,5.3
Hot Rod,14334401,Aug 03 2007,PG-13,Comedy,40,6.5
The Hours,108775994,Dec 27 2002,PG-13,Drama,80,7.6
Bringing Down the House,164675402,Mar 07 2003,PG-13,Comedy,34,5.4
How High,31260435,Dec 21 2001,R,Comedy,27,5.5
Def Jam's How To Be a Player,14010363,Aug 06 1997,R,Comedy,,
Harry Potter and the Chamber of Secrets,878987880,Nov 15 2002,PG,Adventure,82,7.2
Harry Potter and the Prisoner of Azkaban,795538952,Jun 04 2004,PG,Adventure,90,7.7
Harry Potter and the Goblet of Fire,896013036,Nov 18 2005,PG-13,Adventure,88,7.6
Harry Potter and the Order of the Phoenix,938468864,Jul 11 2007,PG-13,Adventure,78,7.4
Harry Potter and the Half-Blood Prince,937499905,Jul 15 2009,PG,Adventure,83,7.3
Harry Potter and the Sorcerer's Stone,976457891,Nov 16 2001,PG,Adventure,,7.2
Happy Feet,385000317,Nov 17 2006,PG,Adventure,74,6.7
Hercules,250700000,Jun 15 1997,G,Adventure,84,6.8
Hardball,44102389,Sep 14 2001,PG-13,Drama,38,4.1
Hard Rain,19870567,Jan 16 1998,R,Action,26,5.6
The Horse Whisperer,75383563,May 15 1998,PG-13,Drama,71,6.3
The Hitchhiker's Guide to the Galaxy,104019112,Apr 29 2005,PG,Comedy,60,6.6
Hot Fuzz,79197493,Apr 20 2007,R,Comedy,91,8
Hulk,245360480,Jun 20 2003,PG-13,Action,62,5.7
The Incredible Hulk,263349257,Jun 13 2008,PG-13,Adventure,66,7.1
The Hunchback of Notre Dame,325500000,Jun 21 1996,G,Adventure,73,6.5
The Hunted,45016494,Mar 14 2003,R,Action,31,5.8
Starsky & Hutch,170200225,Mar 05 2004,PG-13,Comedy,64,6.2
Hollywood Homicide,51107785,Jun 13 2003,PG-13,Action,30,5.2
Ice Age: Dawn of the Dinosaurs,886685941,Jul 01 2009,PG,Adventure,,7.1
Ice Age,383257136,Mar 15 2002,PG,Adventure,77,7.4
Identity,90231264,Apr 25 2003,R,Thriller/Suspense,62,7.3
An Ideal Husband,18542974,Jun 18 1999,PG-13,Comedy,86,6.7
Idlewild,12669914,Aug 25 2006,R,Musical,47,5.8
Igor,26608350,Sep 19 2008,PG,Comedy,35,6
I Still Know What You Did Last Summer,40020622,Nov 13 1998,R,Horror,8,4.1
I Know What You Did Last Summer,125250091,Oct 17 1997,R,Horror,36,5.4
The Illusionist,84276175,Aug 18 2006,PG-13,Drama,74,7.7
The Imaginarium of Doctor Parnassus,58692979,Dec 25 2009,PG-13,Adventure,64,7.1
Imagine That,16123323,Jun 12 2009,PG,Comedy,38,5.4
Inception,753830280,Jul 16 2010,PG-13,Thriller/Suspense,87,9.1
Infamous,2613717,Oct 13 2006,R,Drama,72,7.1
The Informant,41771168,Sep 18 2009,R,Thriller/Suspense,,6.2
Inkheart,58051454,Jan 23 2009,PG,Adventure,40,6.1
In & Out,83226569,Sep 19 1997,PG-13,Comedy,71,6.1
I Now Pronounce You Chuck and Larry,185708462,Jul 20 2007,PG-13,Comedy,14,6.1
The Insider,60265197,Nov 05 1999,R,Drama,96,8
Insomnia,113622499,May 24 2002,R,Thriller/Suspense,92,6.3
Inspector Gadget,97387965,Jul 23 1999,PG,Comedy,21,3.9
Instinct,34105207,Jun 04 1999,R,Drama,27,6.2
The Invasion,40147042,Aug 17 2007,PG-13,Thriller/Suspense,19,6
"I, Robot",348601023,Jul 16 2004,PG-13,Action,58,
Iron Man,582604126,May 02 2008,PG-13,Action,94,7.9
The Iron Giant,31333917,Aug 04 1999,PG,Adventure,97,7.9
I Spy,33561137,Nov 01 2002,PG-13,Action,15,5.3
The Italian Job,175826012,May 30 2003,PG-13,Adventure,73,6.9
I Think I Love My Wife,13205411,Mar 16 2007,R,Romantic Comedy,19,5.5
Jack Frost,34645374,Dec 11 1998,PG,Comedy,15,4.6
Jackie Brown,72673162,Dec 25 1997,R,Drama,85,7.6
The Jackal,159356941,Nov 14 1997,R,Thriller/Suspense,12,6
Jarhead,96947540,Nov 04 2005,R,Drama,61,7.2
The World is Not Enough,361730660,Nov 19 1999,PG-13,Action,51,6.3
Die Another Day,431942139,Nov 22 2002,PG-13,Action,59,6
Casino Royale,596365000,Nov 17 2006,PG-13,Action,94,8
Jackass: The Movie,75466905,Oct 25 2002,R,Comedy,,6.3
Journey to the Center of the Earth,240904370,Jul 11 2008,PG,Adventure,,5.9
Joe Dirt,30987695,Apr 11 2001,PG-13,Comedy,11,5.4
Jeepers Creepers,55026845,Aug 31 2001,R,Horror,45,5.7
Johnny English,160323929,Jul 18 2003,PG,Comedy,33,5.8
Jeepers Creepers II,35623801,Aug 29 2003,R,Horror,,5.3
The Assassination of Jesse James by the Coward Robert Ford,15001776,Sep 21 2007,R,Western,75,7.7
Johnson Family Vacation,31462753,Apr 07 2004,PG-13,Comedy,6,3.8
Jersey Girl,37066129,Mar 26 2004,PG-13,Comedy,40,6.2
The Jungle Book 2,135703599,Feb 14 2003,G,Adventure,19,5.2
Joe Somebody,24515990,Dec 21 2001,PG,Comedy,19,5.3
Jonah Hex,10547117,Jun 18 2010,PG-13,Action,13,4.3
John Q,102226631,Feb 15 2002,PG-13,Drama,22,6.6
Jonah: A VeggieTales Movie,25606175,Oct 04 2002,G,Adventure,,6.3
Joy Ride,21973182,Oct 05 2001,R,Thriller/Suspense,,5.4
Jerry Maguire,274000000,Dec 13 1996,R,Romantic Comedy,84,7.2
Jay and Silent Bob Strike Back,33762400,Aug 24 2001,R,Comedy,53,6.8
Juno,230327671,Dec 05 2007,PG-13,Comedy,93,7.9
Jurassic Park 3,365900000,Jul 18 2001,PG-13,Action,,7.9
Just Married,56127162,Jan 10 2003,PG-13,Romantic Comedy,20,5.1
Freddy vs. Jason,114326122,Aug 15 2003,R,Horror,41,5.8
K-19: The Widowmaker,65716126,Jul 19 2002,PG-13,Action,61,6.5
Kate and Leopold,70937778,Dec 25 2001,PG-13,Romantic Comedy,,6.2
Kangaroo Jack,90723216,Jan 17 2003,PG,Comedy,,4.1
The Original Kings of Comedy,38236338,Aug 18 2000,R,Concert/Performance,86,6.2
Kiss of the Dragon,36833473,Jul 06 2001,R,Action,51,6.3
The Karate Kid,350591618,Jun 11 2010,PG,Adventure,67,6.1
Kicking and Screaming,55842724,May 13 2005,PG,Comedy,,6.9
Kill Bill: Volume 2,150907920,Apr 16 2004,R,Action,,8
Kill Bill: Volume 1,180098138,Oct 10 2003,R,Action,85,8.2
Kingdom Come,23393939,Apr 11 2001,PG,Comedy,28,
Kiss the Girls,60527873,Oct 03 1997,R,Thriller/Suspense,32,6.4
King Kong,550517357,Dec 14 2005,PG-13,Adventure,83,7.6
Knocked Up,218994109,Jun 01 2007,R,Romantic Comedy,90,7.5
Knight and Day,228937227,Jun 23 2010,PG-13,Action,,6.6
The Kingdom,86509602,Sep 28 2007,R,Action,51,7.1
Black Knight,33422806,Nov 21 2001,PG-13,Comedy,13,4.3
Knowing,187858642,Mar 20 2009,PG-13,Thriller/Suspense,32,6.4
K-PAX,50315140,Oct 26 2001,PG-13,Drama,40,7.3
Christmas with the Kranks,96501902,Nov 24 2004,PG,Comedy,5,4.7
A Knight's Tale,56083966,May 11 2001,PG-13,Adventure,58,6.6
The Kite Runner,73222245,Dec 14 2007,PG-13,Drama,66,7.8
L.A. Confidential,110604977,Sep 19 1997,R,Drama,99,8.4
Law Abiding Citizen,113190972,Oct 16 2009,R,Thriller/Suspense,25,7.2
Ladder 49,102332848,Oct 01 2004,PG-13,Action,40,6.5
The Ladykillers,77692139,Mar 26 2004,R,Comedy,54,6.2
Lakeview Terrace,44263506,Sep 19 2008,PG-13,Thriller/Suspense,46,6.3
Land of the Lost,69548641,Jun 05 2009,PG-13,Comedy,26,5.3
Changing Lanes,66790248,Apr 12 2002,R,Thriller/Suspense,77,6.5
Lars and the Real Girl,10553442,Oct 12 2007,PG-13,Comedy,81,7.5
Little Children,14763019,Oct 06 2006,R,Drama,79,7.8
Save the Last Dance,131638276,Jan 12 2001,PG-13,Drama,53,5.9
I am Legend,585055701,Dec 14 2007,PG-13,Horror,69,7.1
Life Before Her Eyes,303439,Apr 18 2008,R,Drama,,
Letters from Iwo Jima,68756082,Dec 20 2006,R,Drama,91,8.1
The Hurricane,73956241,Dec 29 1999,R,Drama,83,7.4
Liar Liar,302710615,Mar 21 1997,PG-13,Comedy,82,6.7
The Life Aquatic with Steve Zissou,34806726,Dec 10 2004,R,Comedy,53,7.2
Life,73521587,Apr 16 1999,R,Comedy,50,5.3
Like Mike,62432423,Jul 03 2002,PG,Comedy,56,4.4
Lilo & Stitch,245800000,Jun 21 2002,PG,Adventure,,7.1
The Lizzie McGuire Movie,55534455,May 02 2003,PG,Comedy,40,4.7
The Last King of Scotland,48363516,Sep 27 2006,R,Drama,87,7.8
Little Miss Sunshine,100523181,Jul 26 2006,R,Comedy,91,8
In the Land of Women,14140402,Apr 20 2007,PG-13,Comedy,44,6.7
Lions for Lambs,63211088,Nov 09 2007,R,Drama,27,6.2
How to Lose a Guy in 10 Days,177079973,Feb 07 2003,PG-13,Romantic Comedy,43,6.1
The Losers,23591432,Apr 23 2010,PG-13,Action,48,
Lost In Space,136117629,Apr 03 1998,PG-13,Adventure,26,4.8
Love and Basketball,27709625,Apr 21 2000,PG-13,Drama,81,6.7
The Lord of the Rings: The Two Towers,926284377,Dec 18 2002,PG-13,Adventure,,8.7
The Lord of the Rings: The Return of the King,1133027325,Dec 17 2003,PG-13,Adventure,,8.8
The Lord of the Rings: The Fellowship of the Ring,868621686,Dec 19 2001,PG-13,Adventure,,8.8
Lonesome Jim,154187,Mar 24 2006,R,Comedy,,6.7
The Last Legion,21439015,Aug 17 2007,PG-13,Action,17,5.4
The Last Samurai,456810575,Dec 05 2003,R,Action,65,7.8
The Last Song,75850384,Mar 31 2010,PG,Drama,19,3.9
Lost in Translation,106454000,Sep 12 2003,R,Drama,94,7.9
The Lost World: Jurassic Park,786686679,May 22 1997,PG-13,Action,,6
License to Wed,70799818,Jul 03 2007,PG,Romantic Comedy,7,5.1
Lethal Weapon 4,285400000,Jul 10 1998,R,Action,54,6.4
The Lucky Ones,266967,Sep 26 2008,R,Drama,36,7.1
Lucky You,6521829,May 04 2007,PG-13,Drama,28,5.9
Love Actually,247967903,Nov 07 2003,R,Romantic Comedy,63,7.9
Herbie: Fully Loaded,144110682,Jun 22 2005,G,Comedy,42,4.7
For Love of the Game,46112640,Sep 17 1999,PG-13,Drama,64,6.2
Love Ranch,134904,Jun 30 2010,R,Drama,13,5.6
"The Chronicles of Narnia: The Lion, the Witch and the Wardrobe",748806957,Dec 09 2005,PG,Adventure,76,
The Longest Yard,190320568,May 27 2005,PG-13,Comedy,31,6.2
Madagascar,532680671,May 27 2005,PG,Adventure,55,6.6
Jane Austen's Mafia,30143795,Jul 24 1998,PG-13,Comedy,,5
Paul Blart: Mall Cop,180449670,Jan 16 2009,PG,Comedy,35,5.3
A Man Apart,44114828,Apr 04 2003,R,Action,11,5.7
Man on Fire,118706816,Apr 23 2004,R,Thriller/Suspense,38,7.7
Man on the Moon,47407635,Dec 22 1999,R,Drama,62,7.4
The Marine,22165608,Oct 13 2006,PG-13,Action,20,4.5
The Matador,17290120,Dec 30 2005,R,Thriller/Suspense,76,6.9
The Matrix,460279930,Mar 31 1999,R,Action,86,8.7
My Big Fat Greek Wedding,368744044,Apr 19 2002,PG,Romantic Comedy,75,6.6
My Best Friend's Girl,34787111,Sep 19 2008,R,Comedy,15,5.8
My Bloody Valentine,98817028,Jan 16 2009,R,Horror,,5.7
Wu ji,35869934,May 05 2006,PG-13,Action,,5.6
The Martian Child,9076823,Nov 02 2007,PG,Drama,,
The Manchurian Candidate,96148711,Jul 30 2004,R,Thriller/Suspense,81,6.7
Mickey Blue Eyes,53864342,Aug 20 1999,PG-13,Comedy,44,5.7
Master and Commander: The Far Side of the World,209486484,Nov 14 2003,PG-13,Adventure,85,7.5
Nanny McPhee,122540909,Jan 27 2006,PG,Comedy,73,6.7
Million Dollar Baby,216763646,Dec 15 2004,PG-13,Drama,91,8.2
Mean Girls,128947227,Apr 30 2004,PG-13,Comedy,83,7
"Me, Myself & Irene",149270999,Jun 23 2000,R,Romantic Comedy,48,6.9
Memoirs of a Geisha,161510853,Dec 09 2005,PG-13,Drama,36,7.1
Men in Black,587790539,Jul 01 1997,PG-13,Adventure,91,7
Men of Honor,82339483,Nov 10 2000,R,Drama,41,6.8
Memento,39665950,Mar 16 2001,R,Drama,,8.7
Mercury Rising,32983332,Apr 03 1998,R,Thriller/Suspense,17,5.8
Message in a Bottle,52880016,Feb 12 1999,PG-13,Drama,31,5.6
Meet Joe Black,44650003,Nov 13 1998,PG-13,Drama,50,6.9
Magnolia,48446802,Dec 17 1999,R,Drama,83,8
The Men Who Stare at Goats,67348218,Nov 06 2009,R,Black Comedy,53,6.4
Men in Black 2,441818803,Jul 03 2002,PG-13,Action,,7.4
Miss Congeniality 2: Armed and Fabulous,101382396,Mar 24 2005,PG-13,Comedy,,4.7
Mission: Impossible 2,546209889,May 24 2000,PG-13,Action,,6.9
Miss Congeniality,212100000,Dec 22 2000,PG-13,Comedy,41,6.1
The Missing,38253433,Nov 26 2003,R,Western,59,7.4
Mighty Joe Young,50632037,Dec 25 1998,PG,Adventure,52,5.4
The Majestic,37306334,Dec 21 2001,PG,Drama,41,6.8
Malibu's Most Wanted,34499204,Apr 18 2003,PG-13,Comedy,30,4.8
Mission to Mars,106000000,Mar 10 2000,PG,Adventure,24,5.1
Captain Corelli's Mandolin,62097495,Aug 17 2001,R,Drama,29,5.7
Midnight in the Garden of Good and Evil,25078937,Nov 21 1997,R,Drama,50,6.5
The Man in the Iron Mask,56968169,Mar 13 1998,PG-13,Adventure,31,7.2
Monster-in-Law,155931301,May 13 2005,PG-13,Comedy,16,5.1
Mona Lisa Smile,121598309,Dec 19 2003,PG-13,Drama,35,6.1
Monster's Ball,44873922,Dec 26 2001,R,Drama,85,7.2
MoliËre,791154,Jul 27 2007,PG-13,Comedy,,7.2
Monster,58003694,Dec 24 2003,R,Drama,82,7.4
"Monsters, Inc.",526864330,Nov 02 2001,G,Adventure,95,7.4
Money Talks,41076865,Aug 22 1997,R,Action,17,5.7
Moon,6934829,Jun 12 2009,R,Thriller/Suspense,,8
The Mothman Prophecies,54639865,Jan 25 2002,PG-13,Thriller/Suspense,52,6.5
Moulin Rouge,179213196,May 18 2001,PG-13,Musical,,7.3
Me and Orson Welles,1190003,Nov 25 2009,PG-13,Drama,84,7.1
Meet the Fockers,516567575,Dec 22 2004,PG-13,Comedy,38,6.4
Meet the Parents,301500000,Oct 06 2000,PG-13,Comedy,84,7
The Miracle,64445708,Feb 06 2004,PG,Drama,,6.1
Minority Report,358824714,Jun 21 2002,PG-13,Action,91,7.7
Mortal Kombat: Annihilation,51327406,Nov 21 1997,PG-13,Action,7,3.2
Mouse Hunt,61894591,Dec 19 1997,PG,Comedy,,6.1
Miss Potter,35025861,Dec 29 2006,PG,Drama,66,7.1
A Mighty Heart,18932117,Jun 22 2007,R,Drama,78,6.7
The Matrix Reloaded,738576929,May 15 2003,R,Action,73,7.1
The Matrix Revolutions,424259759,Nov 05 2003,R,Action,37,6.5
Mulan,303500000,Jun 19 1998,G,Adventure,86,7.2
The Mummy,416385488,May 07 1999,PG-13,Adventure,54,6.8
The Mummy Returns,433007640,May 04 2001,PG-13,Adventure,47,6.2
The Mummy: Tomb of the Dragon Emperor,397912118,Aug 01 2008,PG-13,Adventure,13,5.1
Muppets From Space,16304786,Jul 14 1999,G,Comedy,62,6.1
Murder by Numbers,56643267,Apr 19 2002,R,Thriller/Suspense,31,5.9
Night at the Museum,574480841,Dec 22 2006,PG,Comedy,43,6.4
The Musketeer,27053815,Sep 07 2001,PG-13,Adventure,10,4.4
Music and Lyrics,145556146,Feb 14 2007,PG-13,Romantic Comedy,63,6.6
Miami Vice,163818556,Jul 28 2006,R,Action,47,6
Monsters vs. Aliens,381687380,Mar 27 2009,PG,Adventure,72,6.8
The Mexican,147808615,Mar 02 2001,R,Action,55,5.9
My Best Friend's Wedding,287200000,Jun 20 1997,PG-13,Comedy,72,6.2
"Dude, Where's My Car?",73180297,Dec 15 2000,PG-13,Comedy,19,
My Dog Skip,35512760,Jan 12 2000,PG,Drama,72,6.9
My Favorite Martian,36850101,Feb 12 1999,PG,Comedy,13,4.5
My Fellow Americans,22331846,Dec 20 1996,PG-13,Comedy,50,6.3
My Sister's Keeper,89053995,Jun 26 2009,PG-13,Drama,48,7.4
The Mystery Men,29762011,Aug 06 1999,PG,Comedy,,
Mystic River,156835191,Oct 08 2003,R,Drama,87,8
National Treasure,347405002,Nov 19 2004,PG,Adventure,44,6.9
The Nativity Story,46432264,Dec 01 2006,PG,Drama,37,6.6
Into the Blue,41982227,Sep 30 2005,PG-13,Adventure,21,5.7
The Incredibles,632882184,Nov 05 2004,PG,Adventure,97,8.1
The Negotiator,49105766,Jul 29 1998,R,Action,81,7.2
The New Guy,28972187,May 10 2002,PG-13,Comedy,7,5.4
In Good Company,63489752,Dec 29 2004,PG-13,Comedy,84,6.8
Notting Hill,363728226,May 28 1999,PG-13,Romantic Comedy,82,6.9
Little Nicky,58270391,Nov 10 2000,PG-13,Comedy,21,5
The Ninth Gate,58394308,Mar 10 2000,R,Thriller/Suspense,,6.6
Night at the Museum: Battle of the Smithsonian,413054631,May 22 2009,PG,Comedy,,5.9
Nick and Norah's Infinite Playlist,31487293,Oct 03 2008,PG-13,Drama,73,6.8
No Reservations,92107979,Jul 27 2007,PG,Romantic Comedy,40,6.3
The Notebook,102276787,Jun 25 2004,PG-13,Drama,52,8
Napoleon Dynamite,46140956,Jun 11 2004,PG,Comedy,70,6.9
The Namesake,20180109,Mar 09 2007,PG-13,Drama,,7.5
Intolerable Cruelty,121327628,Oct 10 2003,PG-13,Romantic Comedy,75,6.4
The Interpreter,163954076,Apr 22 2005,PG-13,Thriller/Suspense,58,6.5
The International,53850527,Feb 13 2009,R,Thriller/Suspense,59,
The Number 23,76593167,Feb 23 2007,R,Thriller/Suspense,8,6.2
Nurse Betty,27732366,Sep 08 2000,R,Black Comedy,84,6.4
Jimmy Neutron: Boy Genius,102992536,Dec 21 2001,G,Adventure,,5.9
Nutty Professor II: The Klumps,161600000,Jul 28 2000,PG-13,Comedy,,4.3
Finding Neverland,118676606,Nov 12 2004,PG,Drama,82,7.9
Into the Wild,53813837,Sep 21 2007,R,Drama,82,8.2
The Object of my Affection,29145924,Apr 17 1998,R,Romantic Comedy,50,5.9
Orange County,43308707,Jan 11 2002,PG-13,Comedy,47,6.1
Ocean's Eleven,450728529,Dec 07 2001,PG-13,Comedy,81,7.6
Ocean's Twelve,363531634,Dec 10 2004,PG-13,Adventure,55,6
Ocean's Thirteen,311744465,Jun 08 2007,PG-13,Adventure,70,6.9
Any Given Sunday,100230832,Dec 22 1999,R,Drama,49,6.6
One Hour Photo,52223306,Aug 21 2002,R,Drama,81,7
One True Thing,26708196,Sep 18 1998,R,Drama,88,6.9
Ong-Bak 2,7583050,Sep 25 2009,R,Action,,4.7
One Night with the King,13395961,Oct 13 2006,PG,Drama,16,6
Open Season,189901703,Sep 29 2006,PG,Adventure,47,6
Open Water,52100882,Aug 06 2004,R,Thriller/Suspense,,5.9
Open Range,68293719,Aug 15 2003,R,Western,79,7.5
Old School,86325829,Feb 21 2003,R,Comedy,60,7
Outlander,1250617,Jan 23 2009,R,Adventure,,6.4
Out of Sight,37562568,Jun 26 1998,R,Drama,93,7.1
Out of Time,55489826,Oct 03 2003,PG-13,Thriller/Suspense,65,4.9
The Out-of-Towners,28544120,Apr 02 1999,PG-13,Comedy,24,4.9
The Pacifier,198006880,Mar 04 2005,PG,Comedy,20,5.3
The Passion of the Christ,611899420,Feb 25 2004,R,Drama,50,7.1
Patch Adams,202200000,Dec 25 1998,PG-13,Comedy,24,6.3
Payback,161626121,Feb 05 1999,R,Action,51,5.8
Paycheck,89350576,Dec 25 2003,PG-13,Thriller/Suspense,28,6.1
The Princess Diaries 2: Royal Engagement,122071435,Aug 11 2004,G,Romantic Comedy,,5.3
The Princess Diaries,165334774,Aug 03 2001,G,Comedy,46,5.9
The Peacemaker,62967368,Sep 26 1997,R,Action,45,5.8
Peter Pan,95255485,Dec 25 2003,PG,Adventure,76,7.1
The Phantom of the Opera,158225796,Dec 22 2004,PG-13,Musical,33,7.2
Phone Booth,97837138,Apr 04 2003,R,Thriller/Suspense,71,7.2
The Pianist,120000000,Dec 27 2002,R,Drama,,8.5
Pirates of the Caribbean: The Curse of the Black Pearl,655011224,Jul 09 2003,PG-13,Adventure,,8
Pirates of the Caribbean: Dead Man's Chest,1065659812,Jul 07 2006,PG-13,Adventure,54,7.3
Pirates of the Caribbean: At World's End,960996492,May 25 2007,PG-13,Adventure,45,7
The Chronicles of Riddick,107212751,Jun 11 2004,PG-13,Adventure,29,6.4
Pitch Black,53182088,Feb 18 2000,R,Horror,55,7
Lake Placid,31770413,Jul 16 1999,R,Thriller/Suspense,38,5.3
The Back-up Plan,77090007,Apr 23 2010,PG-13,Romantic Comedy,20,4.4
Proof of Life,62761005,Dec 08 2000,R,Action,39,6.1
Planet of the Apes,362211740,Jul 27 2001,PG-13,Adventure,44,5.5
The Players Club,23047939,Apr 08 1998,R,Drama,27,4.8
Paranormal Activity,193770453,Sep 25 2009,R,Horror,82,6.7
The Punisher,54664370,Apr 16 2004,R,Action,30,6.4
Pokemon 2000,133946923,Jul 21 2000,G,Adventure,,
The Polar Express,305420597,Nov 10 2004,G,Adventure,56,6.7
Along Came Polly,170360435,Jan 16 2004,PG-13,Romantic Comedy,26,5.8
Peter Pan: Return to Neverland,109862682,Feb 15 2002,G,Adventure,46,
Practical Magic,68336997,Oct 16 1998,PG-13,Comedy,21,5.5
The Boat That Rocked,37472651,Nov 13 2009,R,Comedy,,7.5
Primary Colors,39017984,Mar 20 1998,R,Comedy,80,6.7
Precious (Based on the Novel Push by Sapphire),63471431,Nov 06 2009,R,Drama,,7.5
Pride and Glory,43440721,Oct 24 2008,R,Drama,34,6.7
The Road to Perdition,181054514,Jul 12 2002,R,Drama,,
Predators,124549380,Jul 09 2010,R,Action,63,6.9
Perfume: The Story of a Murderer,132180323,Dec 27 2006,R,Drama,58,7.5
The Prince & Me,29356757,Apr 02 2004,PG,Romantic Comedy,,5.6
The Pursuit of Happyness,306086036,Dec 15 2006,PG-13,Drama,66,7.8
Primer,565846,Oct 08 2004,PG-13,Drama,,6.9
Pearl Harbor,449239855,May 25 2001,PG-13,Action,26,5.4
Premonition,81461343,Mar 16 2007,PG-13,Thriller/Suspense,8,
The Prince of Egypt,218600000,Dec 18 1998,PG,Adventure,79,6.8
Prom Night,57109687,Apr 11 2008,PG-13,Horror,8,5.1
Panic Room,196308367,Mar 29 2002,R,Thriller/Suspense,76,6.9
The Proposal,317358031,Jun 19 2009,PG-13,Romantic Comedy,43,5.4
Prince of Persia: Sands of Time,335055643,May 28 2010,PG-13,Action,,
The Prestige,107896006,Oct 20 2006,PG-13,Thriller/Suspense,75,8.4
The Postman,17650704,Dec 25 1997,R,Action,10,5.5
Psycho,37226218,Dec 04 1998,R,Horror,35,4.5
The Patriot,215300000,Jun 28 2000,R,Drama,62,6.9
Punisher: War Zone,8199130,Dec 05 2008,R,Action,26,6.1
Push,44411527,Feb 06 2009,PG-13,Thriller/Suspense,23,6
The Painted Veil,15118795,Dec 20 2006,PG-13,Drama,74,7.6
Pay it Forward,33508922,Oct 20 2000,PG-13,Drama,40,6.8
Queen of the Damned,30307804,Feb 22 2002,R,Horror,17,4.7
The Queen,122840603,Sep 30 2006,PG-13,Drama,97,7.6
Quest for Camelot,38172500,May 15 1998,G,Adventure,33,5
Radio,53293628,Oct 24 2003,PG,Drama,35,6.9
The Rainmaker,45916769,Nov 21 1997,PG-13,Drama,84,6.9
Random Hearts,63200000,Oct 08 1999,R,Drama,15,4.8
Rugrats in Paris,103284813,Nov 17 2000,G,Adventure,,
Rugrats Go Wild,55443032,Jun 13 2003,PG,Adventure,40,5
Ratatouille,620495432,Jun 29 2007,G,Comedy,96,8.1
Ray,125305995,Oct 29 2004,PG-13,Drama,81,
Robin Hood,310885538,May 14 2010,PG-13,Action,43,6.9
Robots,260700012,Mar 11 2005,PG,Adventure,64,6.4
Runaway Bride,308007919,Jul 30 1999,PG,Romantic Comedy,45,5.2
Racing Stripes,93772522,Jan 14 2005,PG,Comedy,35,5.2
Rocky Balboa,155720088,Dec 20 2006,PG,Drama,76,7.4
The Road to El Dorado,65700000,Mar 31 2000,PG,Adventure,49,6.4
Red Dragon,206455420,Oct 04 2002,R,Thriller/Suspense,68,7.3
The Reader,106107610,Dec 10 2008,R,Drama,61,7.7
The Reaping,62226214,Apr 05 2007,R,Horror,8,5.6
Recess: School's Out,44451470,Feb 16 2001,G,Comedy,62,6.2
Redacted,65388,Nov 16 2007,R,Drama,44,6.1
Red-Eye,95891803,Aug 19 2005,PG-13,Thriller/Suspense,,6.5
Reign Over Me,20081987,Mar 23 2007,R,Drama,63,7.7
The Relic,33956608,Jan 10 1997,R,Horror,32,5.4
Religulous,13136074,Oct 01 2008,R,Documentary,69,7.8
The Replacements,50054511,Aug 11 2000,PG-13,Comedy,39,6.2
The Replacement Killers,19035741,Feb 06 1998,R,Action,39,5.9
Resident Evil: Apocalypse,128940078,Sep 10 2004,R,Horror,,5.8
Resident Evil: Extinction,146162920,Sep 21 2007,R,Action,22,6.2
Resident Evil,103787401,Mar 15 2002,R,Horror,34,6.4
Return to Me,32662299,Apr 07 2000,PG,Romantic Comedy,61,6.6
Reign of Fire,82150183,Feb 19 2002,PG-13,Action,40,5.9
Reindeer Games,23360779,Feb 25 2000,R,Action,,5.5
Rachel Getting Married,13326280,Oct 03 2008,R,Drama,86,6.9
The Rugrats Movie,140894685,Nov 20 1998,G,Adventure,57,5.4
Riding in Cars with Boys,29781453,Oct 19 2001,PG-13,Drama,48,6.2
The Ring Two,161941727,Mar 18 2005,PG-13,Horror,20,5.1
The Adventures of Rocky & Bullwinkle,35129610,Jun 30 2000,PG,Comedy,42,4.1
Reno 911!: Miami,20342161,Feb 23 2007,R,Comedy,35,5.8
Rounders,22921898,Sep 11 1998,R,Drama,64,7.3
Rendition,20437142,Oct 19 2007,R,Thriller/Suspense,46,6.9
The Rocker,8767338,Aug 20 2008,PG-13,Comedy,40,6.3
The Rookie,80693537,Mar 29 2002,G,Drama,82,5.5
Romeo Must Die,91036760,Mar 22 2000,R,Action,33,5.9
Ronin,41610884,Sep 25 1998,R,Action,68,7.2
Rat Race,86607223,Aug 17 2001,PG-13,Comedy,43,6.4
Rescue Dawn,7037886,Jul 04 2007,PG-13,Action,,7.5
Remember the Titans,136706683,Sep 29 2000,PG,Drama,72,7.5
Righteous Kill,76781410,Sep 12 2008,R,Thriller/Suspense,20,6
Road Trip,119739110,May 19 2000,R,Comedy,59,6.4
Rules of Engagement,71719931,Apr 07 2000,R,Thriller/Suspense,37,6.2
The Rundown,80831893,Sep 26 2003,PG-13,Action,,6.6
Running With Scissors,7213629,Oct 20 2006,R,Comedy,30,6
Rush Hour 2,347425832,Aug 03 2001,PG-13,Action,51,6.4
Rush Hour 3,253025968,Aug 10 2007,PG-13,Action,19,6
Rush Hour,245300000,Sep 18 1998,PG-13,Action,60,6.8
Rushmore,19080435,Dec 11 1998,R,Black Comedy,87,7.8
Sahara,121671925,Apr 08 2005,PG-13,Adventure,39,5.9
The Saint,169400000,Apr 04 1997,PG-13,Action,30,5.9
I Am Sam,40270895,Dec 28 2001,PG-13,Drama,34,7.4
Saw,103096345,Oct 29 2004,R,Horror,48,7.7
Saw II,152925093,Oct 28 2005,R,Horror,36,6.8
Saw III,163876815,Oct 27 2006,R,Horror,25,6.3
Saw VI,61259697,Oct 23 2009,R,Horror,42,6.2
Seabiscuit,148336445,Jul 25 2003,PG-13,Drama,77,7.4
Scary Movie 2,141189101,Jul 04 2001,R,Comedy,14,4.7
Scary Movie 3,155200000,Oct 24 2003,PG-13,Comedy,37,5.4
Scooby-Doo 2: Monsters Unleashed,181185387,Mar 26 2004,PG,Comedy,,4.8
Scooby-Doo,276294164,Jun 14 2002,PG,Comedy,28,4.7
About Schmidt,105823486,Dec 13 2002,R,Drama,85,7.3
The School of Rock,131161177,Oct 03 2003,PG-13,Comedy,,7.2
School for Scoundrels,17807569,Sep 29 2006,PG-13,Comedy,26,6
The Score,113542091,Jul 13 2001,R,Thriller/Suspense,74,6.8
Scream,173046663,Dec 20 1996,R,Horror,81,2.9
Scream 2,101363301,Dec 12 1997,R,Horror,80,5.9
Scream 3,161838076,Feb 04 2000,R,Horror,38,5.3
The Scorpion King,164529000,Apr 19 2002,PG-13,Action,40,5.3
Stardust,135556675,Aug 10 2007,PG-13,Adventure,76,7.9
Selena,35450113,Mar 21 1997,PG,Drama,63,6.3
September Dawn,901857,Aug 24 2007,R,Western,13,5.5
You Got Served,48066497,Jan 30 2004,PG-13,Drama,16,2.6
Seven Years in Tibet,131445884,Oct 10 1997,PG-13,Drama,59,6.7
Swordfish,147080413,Jun 08 2001,R,Action,25,6.3
Something's Gotta Give,266685242,Dec 12 2003,PG-13,Romantic Comedy,70,6.8
Shaft,107190108,Jun 16 2000,R,Action,68,5.9
Scary Movie,277200000,Jul 07 2000,R,Comedy,53,6
She's All That,63465522,Jan 29 1999,PG-13,Romantic Comedy,38,5.4
Shallow Hal,70836296,Nov 09 2001,PG-13,Romantic Comedy,50,6
Shakespeare in Love,279500000,Dec 11 1998,R,Romantic Comedy,93,7.4
In the Shadow of the Moon,1134358,Sep 07 2007,PG,Documentary,94,8
Shooter,95203582,Mar 23 2007,R,Thriller/Suspense,48,7.2
Shrek,484399218,May 18 2001,PG,Adventure,89,8
Shrek 2,919838758,May 19 2004,PG,Adventure,89,7.5
Shrek the Third,798958162,May 18 2007,PG,Adventure,41,6.1
Shrek Forever After,729395990,May 21 2010,PG,Adventure,,6.7
Shark Tale,367275019,Oct 01 2004,PG,Adventure,35,5.9
Showtime,78948765,Mar 15 2002,PG-13,Comedy,24,5.3
The Siege,116625798,Nov 06 1998,R,Action,44,
Signs,408265690,Aug 02 2002,PG-13,Thriller/Suspense,74,6.9
Simon Birch,18253415,Sep 11 1998,PG,Drama,44,6.7
The Simpsons Movie,527071022,Jul 27 2007,PG-13,Comedy,89,7.6
Sinbad: Legend of the Seven Seas,80767884,Jul 02 2003,PG,Adventure,,6.6
Sin City,158753820,Apr 01 2005,R,Action,77,8.3
The Sixth Sense,672806292,Aug 06 1999,PG-13,Thriller/Suspense,85,8.2
The Skulls,35007180,Mar 31 2000,PG-13,Thriller/Suspense,8,5.3
Sky High,81627454,Jul 29 2005,PG,Adventure,73,6.6
Sleepy Hollow,207068340,Nov 19 1999,R,Horror,68,7.5
The Secret Life of Bees,39612166,Oct 17 2008,PG-13,Drama,57,7
Hannibal,350100280,Feb 09 2001,R,Horror,39,6.4
Slow Burn,1237615,Apr 13 2007,R,Thriller/Suspense,12,5.9
Slumdog Millionaire,365257315,Nov 12 2008,R,Drama,94,8.3
Small Soldiers,71743823,Jul 10 1998,PG-13,Comedy,46,5.9
Mr. And Mrs. Smith,478336279,Jun 10 2005,PG-13,Action,,4.7
Smokin' Aces,56047261,Jan 26 2007,R,Comedy,28,6.6
Someone Like You,38684906,Mar 30 2001,PG-13,Romantic Comedy,41,5.8
There's Something About Mary,360099999,Jul 15 1998,R,Romantic Comedy,83,7.2
Snake Eyes,103891409,Aug 07 1998,R,Thriller/Suspense,41,5.8
Snakes on a Plane,62020814,Aug 18 2006,R,Thriller/Suspense,68,6
Lemony Snicket's A Series of Unfortunate Events,201627117,Dec 17 2004,PG,Comedy,71,6.9
Shanghai Knights,60470220,Feb 07 2003,PG-13,Adventure,66,6.2
Shanghai Noon,71189835,May 26 2000,PG-13,Western,78,6.6
Snow Dogs,115010692,Jan 18 2002,PG,Comedy,23,4.9
Sunshine,32030610,Jul 20 2007,R,Thriller/Suspense,74,7.3
Snatch,83593107,Dec 08 2000,R,Black Comedy,,8.2
Snow Day,62452927,Feb 11 2000,PG,Comedy,26,4.4
The Soloist,38286958,Apr 24 2009,PG-13,Drama,,6.7
The Sorcerer's Apprentice,200092818,Jul 14 2010,PG,Adventure,42,6.4
Soul Food,43492389,Sep 26 1997,R,Comedy,80,6.4
"South Park: Bigger, Longer & Uncut",52037603,Jun 30 1999,R,Comedy,80,
Space Jam,250200000,Nov 15 1996,PG,Comedy,36,5.6
Spanglish,54344321,Dec 17 2004,PG-13,Comedy,52,6.7
Spawn,87949859,Jul 31 1997,PG-13,Action,20,4.8
Superbad,169863226,Aug 17 2007,R,Comedy,87,7.8
SpongeBob SquarePants,140416609,Nov 19 2004,PG,Adventure,,
Space Cowboys,128874043,Aug 04 2000,PG-13,Adventure,79,6.3
Speed II: Cruise Control,150468000,Jun 13 1997,PG-13,Action,,3.4
Sphere,50168294,Feb 13 1998,PG-13,Horror,12,5.6
Spiceworld,56042592,Jan 23 1998,PG,Comedy,,2.9
Spider-Man 2,783705001,Jun 30 2004,PG-13,Adventure,93,7.7
Spider-Man 3,890871626,May 04 2007,PG-13,Adventure,63,6.4
Spider-Man,821708551,May 03 2002,PG-13,Adventure,89,7.4
Scott Pilgrim vs. The World,43149143,Aug 13 2010,PG-13,Comedy,81,8.1
See Spot Run,43057552,Mar 02 2001,PG,Comedy,24,4.9
Superman Returns,391120000,Jun 28 2006,PG-13,Adventure,76,6.6
Spy Game,143049560,Nov 21 2001,R,Action,65,6.9
Spy Kids 2: The Island of Lost Dreams,119721296,Aug 07 2002,PG,Adventure,75,
Spy Kids 3-D: Game Over,167851995,Jul 25 2003,PG,Adventure,,4.1
Spy Kids,197692062,Mar 30 2001,PG,Adventure,93,5.7
Serendipity,75294136,Oct 05 2001,PG-13,Romantic Comedy,58,6.6
Superstar,30628981,Oct 08 1999,PG-13,Comedy,33,6
Spirit: Stallion of the Cimarron,106515310,May 24 2002,G,Adventure,,6.6
Star Wars Ep. II: Attack of the Clones,656695615,May 16 2002,PG,Adventure,,
Star Wars Ep. III: Revenge of the Sith,848998877,May 19 2005,PG-13,Adventure,,
Starship Troopers,121100000,Nov 07 1997,R,Action,60,7.1
Stay Alive,23187506,Mar 24 2006,PG-13,Horror,9,4.5
How Stella Got Her Groove Back,37672944,Aug 14 1998,R,Drama,49,5.1
The Stepford Wives,96221971,Jun 11 2004,PG-13,Comedy,26,5.1
Stepmom,119709917,Dec 25 1998,PG-13,Drama,43,6.2
Stomp the Yard,76356221,Jan 12 2007,PG-13,Drama,26,4.3
Stranger Than Fiction,45235190,Nov 10 2006,PG-13,Comedy,72,7.8
Stick It,30399714,Apr 28 2006,PG-13,Comedy,31,5.9
Stigmata,89441732,Sep 10 1999,R,Horror,22,6
A Stir of Echoes,21133087,Sep 10 1999,R,Thriller/Suspense,,7.1
Stuart Little,298800000,Dec 17 1999,PG,Comedy,65,5.8
Stuart Little 2,166000000,Jul 19 2002,PG,Comedy,83,5.6
The Perfect Storm,328711434,Jun 30 2000,PG-13,Drama,47,6.2
The Story of Us,27100030,Oct 15 1999,R,Romantic Comedy,28,5.6
State of Play,91445389,Apr 17 2009,PG-13,Thriller/Suspense,84,7.3
The Sisterhood of the Traveling Pants 2,44154645,Aug 06 2008,PG-13,Adventure,64,6.2
Step Up,115328121,Aug 11 2006,PG-13,Drama,19,6.1
Star Trek: First Contact,150000000,Nov 22 1996,PG-13,Adventure,,7.6
Star Trek: Insurrection,117800000,Dec 11 1998,PG,Adventure,,6.4
Star Trek: Nemesis,67312826,Dec 13 2002,PG-13,Adventure,,6.4
The Strangers,80597610,May 30 2008,R,Thriller/Suspense,44,6
Star Wars Ep. I: The Phantom Menace,924288297,May 19 1999,PG,Adventure,,
Stuck On You,63537164,Dec 12 2003,PG-13,Comedy,60,5.9
The Sum of All Fears,193500000,May 31 2002,PG-13,Action,59,6.3
Surf's Up,145395745,Jun 08 2007,PG,Adventure,77,7
Surrogates,119668350,Sep 25 2009,PG-13,Action,39,6.3
Summer of Sam,19288130,Jul 02 1999,R,Drama,50,6.5
Saving Private Ryan,481635085,Jul 24 1998,R,Drama,91,8.5
S.W.A.T.,198100000,Aug 08 2003,PG-13,Action,48,5.9
Sideways,109705641,Oct 22 2004,R,Drama,97,7.8
Shall We Dance?,118097882,Oct 15 2004,PG-13,Romantic Comedy,,7.6
Secret Window,92958031,Mar 12 2004,PG-13,Thriller/Suspense,46,6.5
Swimfan,28563926,Sep 06 2002,PG-13,Drama,15,4.6
Sweet November,65754228,Feb 16 2001,PG-13,Drama,16,6
Sydney White,12778631,Sep 21 2007,PG-13,Comedy,37,6.2
Star Wars: The Clone Wars,68161554,Aug 15 2008,PG,Adventure,19,5.4
"Six Days, Seven Nights",164800000,Jun 12 1998,PG-13,Romantic Comedy,37,4.7
Syriana,95024620,Nov 23 2005,R,Thriller/Suspense,72,7.1
The Talented Mr. Ripley,81292135,Dec 25 1999,R,Drama,82,7.2
The Best Man,34572780,Oct 22 1999,R,Romantic Comedy,71,6.1
Book of Shadows: Blair Witch 2,47721314,Oct 27 2000,R,Horror,,4
This Christmas,49778552,Nov 21 2007,PG-13,Drama,55,5.4
The Core,74132631,Mar 28 2003,PG-13,Action,42,5.3
The Thomas Crown Affair,124304264,Aug 06 1999,R,Drama,67,6.7
The Damned United,4054204,Oct 09 2009,R,Drama,94,7.5
The Tale of Despereaux,88717945,Dec 19 2008,G,Adventure,55,6.1
Team America: World Police,50274834,Oct 15 2004,R,Comedy,,7.3
Tea with Mussolini,14395874,May 14 1999,PG,Drama,67,6.7
Tears of the Sun,85632458,Mar 07 2003,R,Action,34,6.4
Not Another Teen Movie,62401343,Dec 14 2001,R,Comedy,28,5.5
Bridge to Terabithia,136934139,Feb 16 2007,PG,Drama,85,7.4
Terminator 3: Rise of the Machines,433058296,Jul 01 2003,R,Action,,6.6
Terminator Salvation: The Future Begins,371628539,May 21 2009,PG-13,Action,,
Transformers,708272592,Jul 03 2007,PG-13,Action,57,7.3
Transformers: Revenge of the Fallen,836303693,Jun 24 2009,PG-13,Action,20,6
"The Goods: Live Hard, Sell Hard",15122676,Aug 14 2009,R,Comedy,26,
The Beach,39778599,Feb 11 2000,R,Drama,19,4.5
The Wild Thornberrys,60694737,Dec 20 2002,PG,Adventure,,6.7
The Fog,37048526,Oct 14 2005,PG-13,Horror,5,3.3
The Thin Red Line,36400491,Dec 23 1998,R,Drama,78,7.5
Thirteen Days,66554547,Dec 25 2000,PG-13,Drama,82,7.3
The Kid,69688384,Jul 07 2000,PG,Comedy,49,5.9
House on Haunted Hill,40846082,Oct 29 1999,R,Horror,25,5.2
The One,43905746,Nov 02 2001,PG-13,Action,13,5.6
The 13th Warrior,61698899,Aug 27 1999,R,Action,33,6.3
The Tuxedo,50586000,Sep 27 2002,PG-13,Action,22,5
The Tigger Movie,55159800,Feb 11 2000,G,Adventure,61,6
Titan A.E.,36751979,Jun 16 2000,PG,Adventure,51,6.4
Titanic,1842879955,Dec 19 1997,PG-13,Thriller/Suspense,82,7.4
The League of Extraordinary Gentlemen,179265204,Jul 11 2003,PG-13,Adventure,17,5.5
The Time Machine,98983590,Mar 08 2002,PG-13,Adventure,28,5.6
The Mist,54777490,Nov 21 2007,R,Horror,73,7.4
TMNT,95009888,Mar 23 2007,PG,Action,,6.6
Tomorrow Never Dies,339504276,Dec 19 1997,PG-13,Action,55,6.4
The Royal Tenenbaums,71430876,Dec 14 2001,R,Black Comedy,79,7.6
Lara Croft: Tomb Raider: The Cradle of Life,156453758,Jul 25 2003,PG-13,Adventure,,5.2
Lara Croft: Tomb Raider,274644183,Jun 15 2001,PG-13,Adventure,,5.4
The Day After Tomorrow,544272402,May 28 2004,PG-13,Adventure,46,6.3
The Others,209947037,Aug 10 2001,PG-13,Horror,84,7.8
The Town,33180607,Sep 17 2010,R,Drama,84,8.7
Toy Story 2,484966906,Nov 19 1999,G,Adventure,100,8
Toy Story 3,1046340665,Jun 18 2010,G,Adventure,99,8.9
The Taking of Pelham 123,148989667,Jun 12 2009,R,Action,,6.5
Treasure Planet,91800000,Nov 27 2002,PG,Adventure,69,6.6
Traffic,208300000,Dec 27 2000,R,Drama,91,7.8
Training Day,104505362,Oct 05 2001,R,Drama,72,7.6
Traitor,27664173,Aug 27 2008,PG-13,Thriller/Suspense,61,7.1
The Ring,249094024,Oct 18 2002,PG-13,Horror,71,5.5
The Terminal,218673959,Jun 18 2004,PG-13,Drama,60,7.1
The Transporter,43928932,Oct 11 2002,PG-13,Action,53,6.6
Tropic Thunder,188163455,Aug 13 2008,R,Comedy,83,7.2
Troy,497398577,May 14 2004,R,Action,54,7
xXx,267200000,Aug 09 2002,PG-13,Action,48,5.5
The Truman Show,248400000,Jun 05 1998,PG,Drama,95,8
Tarzan,448191819,Jun 16 1999,G,Adventure,88,6.9
Turistas,14321070,Dec 01 2006,R,Thriller/Suspense,,6.9
Twisted,40119848,Feb 27 2004,R,Thriller/Suspense,2,4.8
The Twilight Saga: New Moon,702623634,Nov 20 2009,PG-13,Drama,28,
The Twilight Saga: Eclipse,688155447,Jun 30 2010,PG-13,Drama,51,
Twilight,396439854,Nov 21 2008,PG-13,Drama,50,6.1
The Texas Chainsaw Massacre: The Beginning,50517763,Oct 06 2006,R,Horror,,5.8
The Texas Chainsaw Massacre,107071655,Oct 17 2003,R,Horror,36,6.1
Tom yum goong,43044087,Sep 08 2006,R,Action,,6.9
U2 3D,22664070,Jan 23 2008,G,Concert/Performance,,8.3
U-571,127630030,Apr 21 2000,PG-13,Action,68,6.4
Undercover Brother,38230435,May 31 2002,PG-13,Comedy,76,5.7
Dodgeball: A True Underdog Story,167726736,Jun 18 2004,PG-13,Comedy,,6.6
Unaccompanied Minors,21949214,Dec 08 2006,PG,Comedy,,3.7
Unbreakable,248099143,Nov 22 2000,PG-13,Thriller/Suspense,68,7.3
Underworld,95708457,Sep 19 2003,R,Action,30,6.7
Unfaithful,119114494,May 08 2002,R,Drama,48,6.6
Up,731304609,May 29 2009,PG,Adventure,98,8.4
Urban Legend,72571864,Sep 25 1998,R,Horror,21,5.2
Urban Legends: Final Cut,38574362,Sep 22 2000,R,Horror,9,3.7
Valkyrie,198686497,Dec 25 2008,PG-13,Thriller/Suspense,61,7.3
Valentine,20384136,Feb 02 2001,R,Horror,9,4.3
The Legend of Bagger Vance,39235486,Nov 03 2000,PG-13,Drama,43,6.4
In the Valley of Elah,24489150,Sep 14 2007,R,Drama,73,7.4
Venus,4022411,Dec 21 2006,R,Drama,89,
Van Helsing,300150546,May 07 2004,PG-13,Action,22,5.5
The Village,260197520,Jul 30 2004,PG-13,Thriller/Suspense,42,6.6
Vertical Limit,213500000,Dec 08 2000,PG-13,Action,47,5.6
Vampires,20268825,Oct 30 1998,R,Horror,33,6.8
Vanilla Sky,202726605,Dec 14 2001,R,Thriller/Suspense,39,6.9
The Flintstones in Viva Rock Vegas,59431365,Apr 28 2000,PG,Comedy,24,3.3
Varsity Blues,54294169,Jan 15 1999,R,Drama,39,6
Wag the Dog,64252038,Dec 25 1997,R,Drama,84,7
Waiting...,16285543,Oct 07 2005,R,Comedy,30,
Waking Ned Devine,55193251,Nov 20 1998,PG,Comedy,82,
WALL-E,532743103,Jun 27 2008,G,Comedy,96,8.5
War,40666994,Aug 24 2007,R,Action,,6.2
Red Cliff,119627047,Nov 20 2009,R,Action,,
The War of the Worlds,591745532,Jun 29 2005,PG-13,Action,,7.2
Winter's Bone,5951693,Jun 11 2010,R,Drama,95,8.2
Wonder Boys,33422485,Feb 23 2000,R,Comedy,81,7.5
White Chicks,111448997,Jun 23 2004,PG-13,Comedy,15,5
The Wedding Planner,94728529,Jan 26 2001,PG-13,Romantic Comedy,16,4.8
Taking Woodstock,10061080,Aug 26 2009,R,Drama,48,6.8
The Wedding Crashers,283218368,Jul 15 2005,R,Comedy,,
We Own the Night,54700285,Oct 12 2007,R,Drama,56,7
We Were Soldiers,114658262,Mar 01 2002,R,Drama,62,6.9
What a Girl Wants,35990505,Apr 04 2003,PG,Comedy,34,5.7
Where the Heart Is,40862054,Apr 28 2000,PG-13,Drama,34,6.4
Welcome Home Roscoe Jenkins,43607627,Feb 08 2008,PG-13,Comedy,23,4.5
What Dreams May Come,71485043,Oct 02 1998,PG-13,Drama,55,6.6
The White Countess,2814566,Dec 21 2005,PG-13,Drama,51,6.5
Where the Wild Things Are,99123656,Oct 16 2009,PG,Adventure,73,7.2
Wild Things,55576699,Mar 20 1998,R,Thriller/Suspense,64,6.6
Windtalkers,77628265,Jun 14 2002,R,Action,32,5.8
What Lies Beneath,288693989,Jul 21 2000,PG-13,Thriller/Suspense,45,6.5
Walk the Line,184319402,Nov 18 2005,PG-13,Drama,82,7.9
A Walk to Remember,46060915,Jan 25 2002,PG,Drama,28,7.1
Wild Wild West,222105681,Jun 30 1999,PG-13,Adventure,21,4.3
White Noise,92094360,Jan 07 2005,PG-13,Drama,9,
Wanted,340934768,Jun 27 2008,R,Action,71,6.4
The Women,50042410,Sep 12 2008,PG-13,Comedy,13,7.9
The Wood,25059640,Jul 16 1999,R,Comedy,61,6.1
Without a Paddle,65121280,Aug 20 2004,PG-13,Comedy,15,5.7
What's the Worst That Could Happen?,38462071,Jun 01 2001,PG-13,Comedy,10,5
The Wrestler,43236603,Dec 17 2008,R,Drama,98,8.2
Walking Tall,47313824,Apr 02 2004,PG-13,Action,25,6
The Watcher,47267829,Sep 08 2000,R,Thriller/Suspense,10,3.7
Sky Captain and the World of Tomorrow,49730854,Sep 17 2004,PG,Adventure,72,6.3
The Waterboy,190191646,Nov 06 1998,PG-13,Comedy,32,5.7
What Women Want,372100000,Dec 15 2000,PG-13,Romantic Comedy,53,6.3
The X-Files: I Want to Believe,68369434,Jul 25 2008,PG-13,Action,,5.9
The X Files: Fight the Future,189176423,Jun 19 1998,PG-13,Action,,
X-Men,334627820,Jul 14 2000,PG-13,Action,82,7.4
X2,407711549,May 02 2003,PG-13,Action,,7.8
The Divine Secrets of the Ya-Ya Sisterhood,73826768,Jun 07 2002,PG-13,Comedy,,
Year One,57604723,Jun 19 2009,PG-13,Comedy,14,5
Yes Man,225990976,Dec 19 2008,PG-13,Comedy,43,7
You Kill Me,2426851,Jun 22 2007,R,Black Comedy,78,6.7
"Yours, Mine and Ours",72359917,Nov 23 2005,PG,Comedy,,7.6
You've Got Mail,250800000,Dec 18 1998,PG,Drama,68,6.2
Zathura,58545540,Nov 11 2005,PG,Adventure,75,
Zoolander,60780981,Sep 28 2001,PG-13,Comedy,62,6.4
Zombieland,98690286,Oct 02 2009,R,Comedy,89,7.8
Zack and Miri Make a Porno,36851125,Oct 31 2008,R,Comedy,65,7
Zodiac,83080084,Mar 02 2007,R,Thriller/Suspense,89,
The Legend of Zorro,141475336,Oct 28 2005,PG,Adventure,26,5.7
The Mask of Zorro,233700000,Jul 17 1998,PG-13,Adventure,82,6.7