Partido o Movimiento Político,Red Social,Día de la Semana,Gasto Estimado ($)
Alianza Revolución Ciudadana - Reto (RC/RETO),Facebook,Lunes,0.0
Alianza Revolución Ciudadana - Reto (RC/RETO),Facebook,Martes,0.0
Alianza Revolución Ciudadana - Reto (RC/RETO),Facebook,Miércoles,0.0
Alianza Revolución Ciudadana - Reto (RC/RETO),Facebook,Jueves,12.38
Alianza Revolución Ciudadana - Reto (RC/RETO),Facebook,Viernes,12.38
Alianza Revolución Ciudadana - Reto (RC/RETO),Facebook,Sábado,12.38
Alianza Revolución Ciudadana - Reto (RC/RETO),Facebook,Domingo,12.38
Alianza Revolución Ciudadana - Reto (RC/RETO),Instagram,Lunes,0.0
Alianza Revolución Ciudadana - Reto (RC/RETO),Instagram,Martes,0.0
Alianza Revolución Ciudadana - Reto (RC/RETO),Instagram,Miércoles,0.0
Alianza Revolución Ciudadana - Reto (RC/RETO),Instagram,Jueves,12.38
Alianza Revolución Ciudadana - Reto (RC/RETO),Instagram,Viernes,12.38
Alianza Revolución Ciudadana - Reto (RC/RETO),Instagram,Sábado,12.38
Alianza Revolución Ciudadana - Reto (RC/RETO),Instagram,Domingo,12.38
Alianza Revolución Ciudadana - Reto (RC/RETO),Tiktok,Lunes,519.0
Alianza Revolución Ciudadana - Reto (RC/RETO),Tiktok,Martes,0.0
Alianza Revolución Ciudadana - Reto (RC/RETO),Tiktok,Miércoles,4198.0
Alianza Revolución Ciudadana - Reto (RC/RETO),Tiktok,Jueves,0.0
Alianza Revolución Ciudadana - Reto (RC/RETO),Tiktok,Viernes,0.0
Alianza Revolución Ciudadana - Reto (RC/RETO),Tiktok,Sábado,0.0
Alianza Revolución Ciudadana - Reto (RC/RETO),Tiktok,Domingo,3046.0
Alianza Revolución Ciudadana - Reto (RC/RETO),X,Lunes,0.42
Alianza Revolución Ciudadana - Reto (RC/RETO),X,Martes,0.0
Alianza Revolución Ciudadana - Reto (RC/RETO),X,Miércoles,16688.2
Alianza Revolución Ciudadana - Reto (RC/RETO),X,Jueves,2979.02
Alianza Revolución Ciudadana - Reto (RC/RETO),X,Viernes,0.0
Alianza Revolución Ciudadana - Reto (RC/RETO),X,Sábado,7757.47
Alianza Revolución Ciudadana - Reto (RC/RETO),X,Domingo,0.0
Movimiento Accion Democratica Nacional (ADN),Facebook,Lunes,3484.4
Movimiento Accion Democratica Nacional (ADN),Facebook,Martes,3090.08
Movimiento Accion Democratica Nacional (ADN),Facebook,Miércoles,3199.24
Movimiento Accion Democratica Nacional (ADN),Facebook,Jueves,2060.71
Movimiento Accion Democratica Nacional (ADN),Facebook,Viernes,2595.22
Movimiento Accion Democratica Nacional (ADN),Facebook,Sábado,3061.72
Movimiento Accion Democratica Nacional (ADN),Facebook,Domingo,3527.13
Movimiento Accion Democratica Nacional (ADN),Instagram,Lunes,8821.53
Movimiento Accion Democratica Nacional (ADN),Instagram,Martes,6978.06
Movimiento Accion Democratica Nacional (ADN),Instagram,Miércoles,7920.71
Movimiento Accion Democratica Nacional (ADN),Instagram,Jueves,5946.01
Movimiento Accion Democratica Nacional (ADN),Instagram,Viernes,7418.21
Movimiento Accion Democratica Nacional (ADN),Instagram,Sábado,9565.43
Movimiento Accion Democratica Nacional (ADN),Instagram,Domingo,10513.55
Movimiento Accion Democratica Nacional (ADN),Tiktok,Lunes,945000.0
Movimiento Accion Democratica Nacional (ADN),Tiktok,Martes,88416.35
Movimiento Accion Democratica Nacional (ADN),Tiktok,Miércoles,71.84
Movimiento Accion Democratica Nacional (ADN),Tiktok,Jueves,48818.0
Movimiento Accion Democratica Nacional (ADN),Tiktok,Viernes,26.9
Movimiento Accion Democratica Nacional (ADN),Tiktok,Sábado,55237.94
Movimiento Accion Democratica Nacional (ADN),Tiktok,Domingo,49441.92
Movimiento Accion Democratica Nacional (ADN),X,Lunes,0.0
Movimiento Accion Democratica Nacional (ADN),X,Martes,0.0
Movimiento Accion Democratica Nacional (ADN),X,Miércoles,0.0
Movimiento Accion Democratica Nacional (ADN),X,Jueves,0.0
Movimiento Accion Democratica Nacional (ADN),X,Viernes,0.0
Movimiento Accion Democratica Nacional (ADN),X,Sábado,0.0
Movimiento Accion Democratica Nacional (ADN),X,Domingo,172331.08
Movimiento Acción Movilizadora Independiente Generando Oportunidades (AMIGO),Facebook,Lunes,885.98
Movimiento Acción Movilizadora Independiente Generando Oportunidades (AMIGO),Facebook,Martes,1124.18
Movimiento Acción Movilizadora Independiente Generando Oportunidades (AMIGO),Facebook,Miércoles,1149.05
Movimiento Acción Movilizadora Independiente Generando Oportunidades (AMIGO),Facebook,Jueves,888.52
Movimiento Acción Movilizadora Independiente Generando Oportunidades (AMIGO),Facebook,Viernes,610.02
Movimiento Acción Movilizadora Independiente Generando Oportunidades (AMIGO),Facebook,Sábado,1609.28
Movimiento Acción Movilizadora Independiente Generando Oportunidades (AMIGO),Facebook,Domingo,1529.48
Movimiento Acción Movilizadora Independiente Generando Oportunidades (AMIGO),Instagram,Lunes,949.76
Movimiento Acción Movilizadora Independiente Generando Oportunidades (AMIGO),Instagram,Martes,1276.93
Movimiento Acción Movilizadora Independiente Generando Oportunidades (AMIGO),Instagram,Miércoles,1286.95
Movimiento Acción Movilizadora Independiente Generando Oportunidades (AMIGO),Instagram,Jueves,942.58
Movimiento Acción Movilizadora Independiente Generando Oportunidades (AMIGO),Instagram,Viernes,718.96
Movimiento Acción Movilizadora Independiente Generando Oportunidades (AMIGO),Instagram,Sábado,1439.38
Movimiento Acción Movilizadora Independiente Generando Oportunidades (AMIGO),Instagram,Domingo,1478.93
Movimiento Acción Movilizadora Independiente Generando Oportunidades (AMIGO),Tiktok,Lunes,5955.15
Movimiento Acción Movilizadora Independiente Generando Oportunidades (AMIGO),Tiktok,Martes,384.87
Movimiento Acción Movilizadora Independiente Generando Oportunidades (AMIGO),Tiktok,Miércoles,13632.4
Movimiento Acción Movilizadora Independiente Generando Oportunidades (AMIGO),Tiktok,Jueves,752.35
Movimiento Acción Movilizadora Independiente Generando Oportunidades (AMIGO),Tiktok,Viernes,854.6
Movimiento Acción Movilizadora Independiente Generando Oportunidades (AMIGO),Tiktok,Sábado,8557.45
Movimiento Acción Movilizadora Independiente Generando Oportunidades (AMIGO),Tiktok,Domingo,1731.62
Movimiento Acción Movilizadora Independiente Generando Oportunidades (AMIGO),X,Lunes,0.4
Movimiento Acción Movilizadora Independiente Generando Oportunidades (AMIGO),X,Martes,4.9
Movimiento Acción Movilizadora Independiente Generando Oportunidades (AMIGO),X,Miércoles,20.7
Movimiento Acción Movilizadora Independiente Generando Oportunidades (AMIGO),X,Jueves,24.5
Movimiento Acción Movilizadora Independiente Generando Oportunidades (AMIGO),X,Viernes,28.01
Movimiento Acción Movilizadora Independiente Generando Oportunidades (AMIGO),X,Sábado,62.88
Movimiento Acción Movilizadora Independiente Generando Oportunidades (AMIGO),X,Domingo,360.49
Movimiento Centro Democrático (CD),Facebook,Lunes,0.0
Movimiento Centro Democrático (CD),Facebook,Martes,0.0
Movimiento Centro Democrático (CD),Facebook,Miércoles,0.0
Movimiento Centro Democrático (CD),Facebook,Jueves,0.0
Movimiento Centro Democrático (CD),Facebook,Viernes,0.0
Movimiento Centro Democrático (CD),Facebook,Sábado,0.0
Movimiento Centro Democrático (CD),Facebook,Domingo,0.0
Movimiento Centro Democrático (CD),Instagram,Lunes,0.0
Movimiento Centro Democrático (CD),Instagram,Martes,0.0
Movimiento Centro Democrático (CD),Instagram,Miércoles,0.0
Movimiento Centro Democrático (CD),Instagram,Jueves,0.0
Movimiento Centro Democrático (CD),Instagram,Viernes,0.0
Movimiento Centro Democrático (CD),Instagram,Sábado,0.0
Movimiento Centro Democrático (CD),Instagram,Domingo,0.0
Movimiento Centro Democrático (CD),Tiktok,Lunes,5310.47
Movimiento Centro Democrático (CD),Tiktok,Martes,10017.1
Movimiento Centro Democrático (CD),Tiktok,Miércoles,10420.14
Movimiento Centro Democrático (CD),Tiktok,Jueves,1027.6
Movimiento Centro Democrático (CD),Tiktok,Viernes,8669.33
Movimiento Centro Democrático (CD),Tiktok,Sábado,1339.61
Movimiento Centro Democrático (CD),Tiktok,Domingo,19445.54
Movimiento Centro Democrático (CD),X,Lunes,82.7
Movimiento Centro Democrático (CD),X,Martes,7.2
Movimiento Centro Democrático (CD),X,Miércoles,1983.21
Movimiento Centro Democrático (CD),X,Jueves,38.83
Movimiento Centro Democrático (CD),X,Viernes,0.0
Movimiento Centro Democrático (CD),X,Sábado,32.1
Movimiento Centro Democrático (CD),X,Domingo,1479.24
Movimiento Construye (CONSTRUYE),Facebook,Lunes,153.85
Movimiento Construye (CONSTRUYE),Facebook,Martes,153.85
Movimiento Construye (CONSTRUYE),Facebook,Miércoles,136.32
Movimiento Construye (CONSTRUYE),Facebook,Jueves,128.9
Movimiento Construye (CONSTRUYE),Facebook,Viernes,105.8
Movimiento Construye (CONSTRUYE),Facebook,Sábado,520.7
Movimiento Construye (CONSTRUYE),Facebook,Domingo,434.08
Movimiento Construye (CONSTRUYE),Instagram,Lunes,450.85
Movimiento Construye (CONSTRUYE),Instagram,Martes,450.85
Movimiento Construye (CONSTRUYE),Instagram,Miércoles,359.08
Movimiento Construye (CONSTRUYE),Instagram,Jueves,615.65
Movimiento Construye (CONSTRUYE),Instagram,Viernes,592.55
Movimiento Construye (CONSTRUYE),Instagram,Sábado,1452.95
Movimiento Construye (CONSTRUYE),Instagram,Domingo,1374.58
Movimiento Construye (CONSTRUYE),Tiktok,Lunes,28.14
Movimiento Construye (CONSTRUYE),Tiktok,Martes,241.06
Movimiento Construye (CONSTRUYE),Tiktok,Miércoles,450.2
Movimiento Construye (CONSTRUYE),Tiktok,Jueves,1730.65
Movimiento Construye (CONSTRUYE),Tiktok,Viernes,277.06
Movimiento Construye (CONSTRUYE),Tiktok,Sábado,995.35
Movimiento Construye (CONSTRUYE),Tiktok,Domingo,2589.76
Movimiento Construye (CONSTRUYE),X,Lunes,0.0
Movimiento Construye (CONSTRUYE),X,Martes,0.0
Movimiento Construye (CONSTRUYE),X,Miércoles,0.62
Movimiento Construye (CONSTRUYE),X,Jueves,3.24
Movimiento Construye (CONSTRUYE),X,Viernes,3.05
Movimiento Construye (CONSTRUYE),X,Sábado,0.0
Movimiento Construye (CONSTRUYE),X,Domingo,0.0
Movimiento Creando Oportunidades (CREO),Facebook,Lunes,1517.97
Movimiento Creando Oportunidades (CREO),Facebook,Martes,2083.55
Movimiento Creando Oportunidades (CREO),Facebook,Miércoles,2443.74
Movimiento Creando Oportunidades (CREO),Facebook,Jueves,2122.86
Movimiento Creando Oportunidades (CREO),Facebook,Viernes,1954.6
Movimiento Creando Oportunidades (CREO),Facebook,Sábado,2246.27
Movimiento Creando Oportunidades (CREO),Facebook,Domingo,3176.51
Movimiento Creando Oportunidades (CREO),Instagram,Lunes,1335.97
Movimiento Creando Oportunidades (CREO),Instagram,Martes,1651.72
Movimiento Creando Oportunidades (CREO),Instagram,Miércoles,1774.52
Movimiento Creando Oportunidades (CREO),Instagram,Jueves,1503.14
Movimiento Creando Oportunidades (CREO),Instagram,Viernes,1384.64
Movimiento Creando Oportunidades (CREO),Instagram,Sábado,1742.64
Movimiento Creando Oportunidades (CREO),Instagram,Domingo,2664.87
Movimiento Creando Oportunidades (CREO),Tiktok,Lunes,9677.5
Movimiento Creando Oportunidades (CREO),Tiktok,Martes,1762.3
Movimiento Creando Oportunidades (CREO),Tiktok,Miércoles,1007.7
Movimiento Creando Oportunidades (CREO),Tiktok,Jueves,377.2
Movimiento Creando Oportunidades (CREO),Tiktok,Viernes,2085.0
Movimiento Creando Oportunidades (CREO),Tiktok,Sábado,4147.0
Movimiento Creando Oportunidades (CREO),Tiktok,Domingo,8820.0
Movimiento Creando Oportunidades (CREO),X,Lunes,8.1
Movimiento Creando Oportunidades (CREO),X,Martes,0.0
Movimiento Creando Oportunidades (CREO),X,Miércoles,58.9
Movimiento Creando Oportunidades (CREO),X,Jueves,0.0
Movimiento Creando Oportunidades (CREO),X,Viernes,0.9
Movimiento Creando Oportunidades (CREO),X,Sábado,5.7
Movimiento Creando Oportunidades (CREO),X,Domingo,0.15
Movimiento De Unidad Plurinacional PACHAKUTIK (MUPP),Facebook,Lunes,102.24
Movimiento De Unidad Plurinacional PACHAKUTIK (MUPP),Facebook,Martes,89.87
Movimiento De Unidad Plurinacional PACHAKUTIK (MUPP),Facebook,Miércoles,95.64
Movimiento De Unidad Plurinacional PACHAKUTIK (MUPP),Facebook,Jueves,99.77
Movimiento De Unidad Plurinacional PACHAKUTIK (MUPP),Facebook,Viernes,123.2
Movimiento De Unidad Plurinacional PACHAKUTIK (MUPP),Facebook,Sábado,173.14
Movimiento De Unidad Plurinacional PACHAKUTIK (MUPP),Facebook,Domingo,112.14
Movimiento De Unidad Plurinacional PACHAKUTIK (MUPP),Instagram,Lunes,102.24
Movimiento De Unidad Plurinacional PACHAKUTIK (MUPP),Instagram,Martes,89.87
Movimiento De Unidad Plurinacional PACHAKUTIK (MUPP),Instagram,Miércoles,95.64
Movimiento De Unidad Plurinacional PACHAKUTIK (MUPP),Instagram,Jueves,99.77
Movimiento De Unidad Plurinacional PACHAKUTIK (MUPP),Instagram,Viernes,123.2
Movimiento De Unidad Plurinacional PACHAKUTIK (MUPP),Instagram,Sábado,173.14
Movimiento De Unidad Plurinacional PACHAKUTIK (MUPP),Instagram,Domingo,112.14
Movimiento De Unidad Plurinacional PACHAKUTIK (MUPP),Tiktok,Lunes,4888.72
Movimiento De Unidad Plurinacional PACHAKUTIK (MUPP),Tiktok,Martes,13674.0
Movimiento De Unidad Plurinacional PACHAKUTIK (MUPP),Tiktok,Miércoles,2901.25
Movimiento De Unidad Plurinacional PACHAKUTIK (MUPP),Tiktok,Jueves,4508.0
Movimiento De Unidad Plurinacional PACHAKUTIK (MUPP),Tiktok,Viernes,10531.0
Movimiento De Unidad Plurinacional PACHAKUTIK (MUPP),Tiktok,Sábado,10464.5
Movimiento De Unidad Plurinacional PACHAKUTIK (MUPP),Tiktok,Domingo,7965.63
Movimiento De Unidad Plurinacional PACHAKUTIK (MUPP),X,Lunes,0.0
Movimiento De Unidad Plurinacional PACHAKUTIK (MUPP),X,Martes,0.0
Movimiento De Unidad Plurinacional PACHAKUTIK (MUPP),X,Miércoles,0.0
Movimiento De Unidad Plurinacional PACHAKUTIK (MUPP),X,Jueves,0.0
Movimiento De Unidad Plurinacional PACHAKUTIK (MUPP),X,Viernes,0.0
Movimiento De Unidad Plurinacional PACHAKUTIK (MUPP),X,Sábado,2841.33
Movimiento De Unidad Plurinacional PACHAKUTIK (MUPP),X,Domingo,0.0
Movimiento Democracia Sí (DSI),Facebook,Lunes,0.0
Movimiento Democracia Sí (DSI),Facebook,Martes,0.0
Movimiento Democracia Sí (DSI),Facebook,Miércoles,0.0
Movimiento Democracia Sí (DSI),Facebook,Jueves,0.0
Movimiento Democracia Sí (DSI),Facebook,Viernes,0.0
Movimiento Democracia Sí (DSI),Facebook,Sábado,0.0
Movimiento Democracia Sí (DSI),Facebook,Domingo,0.0
Movimiento Democracia Sí (DSI),Instagram,Lunes,0.0
Movimiento Democracia Sí (DSI),Instagram,Martes,0.0
Movimiento Democracia Sí (DSI),Instagram,Miércoles,0.0
Movimiento Democracia Sí (DSI),Instagram,Jueves,0.0
Movimiento Democracia Sí (DSI),Instagram,Viernes,0.0
Movimiento Democracia Sí (DSI),Instagram,Sábado,0.0
Movimiento Democracia Sí (DSI),Instagram,Domingo,0.0
Movimiento Democracia Sí (DSI),Tiktok,Lunes,608.48
Movimiento Democracia Sí (DSI),Tiktok,Martes,415.96
Movimiento Democracia Sí (DSI),Tiktok,Miércoles,1281.74
Movimiento Democracia Sí (DSI),Tiktok,Jueves,51.81
Movimiento Democracia Sí (DSI),Tiktok,Viernes,772.71
Movimiento Democracia Sí (DSI),Tiktok,Sábado,3399.89
Movimiento Democracia Sí (DSI),Tiktok,Domingo,698.67
Movimiento Democracia Sí (DSI),X,Lunes,165.08
Movimiento Democracia Sí (DSI),X,Martes,5.01
Movimiento Democracia Sí (DSI),X,Miércoles,22.56
Movimiento Democracia Sí (DSI),X,Jueves,0.0
Movimiento Democracia Sí (DSI),X,Viernes,22.0
Movimiento Democracia Sí (DSI),X,Sábado,0.0
Movimiento Democracia Sí (DSI),X,Domingo,221.8
Movimiento Pueblo Igualdad Democracia (PID),Facebook,Lunes,0.0
Movimiento Pueblo Igualdad Democracia (PID),Facebook,Martes,0.0
Movimiento Pueblo Igualdad Democracia (PID),Facebook,Miércoles,0.0
Movimiento Pueblo Igualdad Democracia (PID),Facebook,Jueves,0.0
Movimiento Pueblo Igualdad Democracia (PID),Facebook,Viernes,0.0
Movimiento Pueblo Igualdad Democracia (PID),Facebook,Sábado,0.0
Movimiento Pueblo Igualdad Democracia (PID),Facebook,Domingo,0.0
Movimiento Pueblo Igualdad Democracia (PID),Instagram,Lunes,0.0
Movimiento Pueblo Igualdad Democracia (PID),Instagram,Martes,0.0
Movimiento Pueblo Igualdad Democracia (PID),Instagram,Miércoles,0.0
Movimiento Pueblo Igualdad Democracia (PID),Instagram,Jueves,0.0
Movimiento Pueblo Igualdad Democracia (PID),Instagram,Viernes,0.0
Movimiento Pueblo Igualdad Democracia (PID),Instagram,Sábado,0.0
Movimiento Pueblo Igualdad Democracia (PID),Instagram,Domingo,0.0
Movimiento Pueblo Igualdad Democracia (PID),Tiktok,Lunes,711.94
Movimiento Pueblo Igualdad Democracia (PID),Tiktok,Martes,45109.24
Movimiento Pueblo Igualdad Democracia (PID),Tiktok,Miércoles,1194.51
Movimiento Pueblo Igualdad Democracia (PID),Tiktok,Jueves,767.32
Movimiento Pueblo Igualdad Democracia (PID),Tiktok,Viernes,2108.15
Movimiento Pueblo Igualdad Democracia (PID),Tiktok,Sábado,0.0
Movimiento Pueblo Igualdad Democracia (PID),Tiktok,Domingo,3756.05
Movimiento Pueblo Igualdad Democracia (PID),X,Lunes,0.0
Movimiento Pueblo Igualdad Democracia (PID),X,Martes,0.0
Movimiento Pueblo Igualdad Democracia (PID),X,Miércoles,0.0
Movimiento Pueblo Igualdad Democracia (PID),X,Jueves,0.0
Movimiento Pueblo Igualdad Democracia (PID),X,Viernes,0.0
Movimiento Pueblo Igualdad Democracia (PID),X,Sábado,0.0
Movimiento Pueblo Igualdad Democracia (PID),X,Domingo,26.16
Partido Avanza (AVANZA),Facebook,Lunes,0.0
Partido Avanza (AVANZA),Facebook,Martes,0.0
Partido Avanza (AVANZA),Facebook,Miércoles,0.0
Partido Avanza (AVANZA),Facebook,Jueves,0.0
Partido Avanza (AVANZA),Facebook,Viernes,0.0
Partido Avanza (AVANZA),Facebook,Sábado,0.0
Partido Avanza (AVANZA),Facebook,Domingo,0.0
Partido Avanza (AVANZA),Instagram,Lunes,0.0
Partido Avanza (AVANZA),Instagram,Martes,0.0
Partido Avanza (AVANZA),Instagram,Miércoles,0.0
Partido Avanza (AVANZA),Instagram,Jueves,0.0
Partido Avanza (AVANZA),Instagram,Viernes,0.0
Partido Avanza (AVANZA),Instagram,Sábado,0.0
Partido Avanza (AVANZA),Instagram,Domingo,0.0
Partido Avanza (AVANZA),Tiktok,Lunes,18514.0
Partido Avanza (AVANZA),Tiktok,Martes,15275.0
Partido Avanza (AVANZA),Tiktok,Miércoles,9256.78
Partido Avanza (AVANZA),Tiktok,Jueves,5408.12
Partido Avanza (AVANZA),Tiktok,Viernes,1326.0
Partido Avanza (AVANZA),Tiktok,Sábado,3951.34
Partido Avanza (AVANZA),Tiktok,Domingo,4925.94
Partido Avanza (AVANZA),X,Lunes,19.18
Partido Avanza (AVANZA),X,Martes,1166.15
Partido Avanza (AVANZA),X,Miércoles,39.91
Partido Avanza (AVANZA),X,Jueves,0.91
Partido Avanza (AVANZA),X,Viernes,4.8
Partido Avanza (AVANZA),X,Sábado,0.0
Partido Avanza (AVANZA),X,Domingo,1555.28
Partido Izquierda Democrática (ID),Facebook,Lunes,0.0
Partido Izquierda Democrática (ID),Facebook,Martes,0.0
Partido Izquierda Democrática (ID),Facebook,Miércoles,0.0
Partido Izquierda Democrática (ID),Facebook,Jueves,0.0
Partido Izquierda Democrática (ID),Facebook,Viernes,0.0
Partido Izquierda Democrática (ID),Facebook,Sábado,0.0
Partido Izquierda Democrática (ID),Facebook,Domingo,0.0
Partido Izquierda Democrática (ID),Instagram,Lunes,0.0
Partido Izquierda Democrática (ID),Instagram,Martes,0.0
Partido Izquierda Democrática (ID),Instagram,Miércoles,0.0
Partido Izquierda Democrática (ID),Instagram,Jueves,0.0
Partido Izquierda Democrática (ID),Instagram,Viernes,0.0
Partido Izquierda Democrática (ID),Instagram,Sábado,0.0
Partido Izquierda Democrática (ID),Instagram,Domingo,0.0
Partido Izquierda Democrática (ID),Tiktok,Lunes,70.68
Partido Izquierda Democrática (ID),Tiktok,Martes,461.99
Partido Izquierda Democrática (ID),Tiktok,Miércoles,11.24
Partido Izquierda Democrática (ID),Tiktok,Jueves,62.83
Partido Izquierda Democrática (ID),Tiktok,Viernes,78.97
Partido Izquierda Democrática (ID),Tiktok,Sábado,41.95
Partido Izquierda Democrática (ID),Tiktok,Domingo,710.0
Partido Izquierda Democrática (ID),X,Lunes,0.0
Partido Izquierda Democrática (ID),X,Martes,0.0
Partido Izquierda Democrática (ID),X,Miércoles,5.38
Partido Izquierda Democrática (ID),X,Jueves,0.0
Partido Izquierda Democrática (ID),X,Viernes,0.0
Partido Izquierda Democrática (ID),X,Sábado,1.2
Partido Izquierda Democrática (ID),X,Domingo,0.0
Partido Social Cristiano (PSC),Facebook,Lunes,5445.96
Partido Social Cristiano (PSC),Facebook,Martes,5036.8
Partido Social Cristiano (PSC),Facebook,Miércoles,5219.13
Partido Social Cristiano (PSC),Facebook,Jueves,4538.1
Partido Social Cristiano (PSC),Facebook,Viernes,4368.25
Partido Social Cristiano (PSC),Facebook,Sábado,5178.86
Partido Social Cristiano (PSC),Facebook,Domingo,5684.9
Partido Social Cristiano (PSC),Instagram,Lunes,6560.64
Partido Social Cristiano (PSC),Instagram,Martes,6010.64
Partido Social Cristiano (PSC),Instagram,Miércoles,6217.72
Partido Social Cristiano (PSC),Instagram,Jueves,5554.28
Partido Social Cristiano (PSC),Instagram,Viernes,5310.18
Partido Social Cristiano (PSC),Instagram,Sábado,6301.96
Partido Social Cristiano (PSC),Instagram,Domingo,7047.58
Partido Social Cristiano (PSC),Tiktok,Lunes,3117.63
Partido Social Cristiano (PSC),Tiktok,Martes,944.98
Partido Social Cristiano (PSC),Tiktok,Miércoles,297.22
Partido Social Cristiano (PSC),Tiktok,Jueves,0.0
Partido Social Cristiano (PSC),Tiktok,Viernes,430.7
Partido Social Cristiano (PSC),Tiktok,Sábado,483.12
Partido Social Cristiano (PSC),Tiktok,Domingo,319.78
Partido Social Cristiano (PSC),X,Lunes,0.0
Partido Social Cristiano (PSC),X,Martes,3.03
Partido Social Cristiano (PSC),X,Miércoles,14.0
Partido Social Cristiano (PSC),X,Jueves,1.62
Partido Social Cristiano (PSC),X,Viernes,5.05
Partido Social Cristiano (PSC),X,Sábado,7.1
Partido Social Cristiano (PSC),X,Domingo,230.35
Partido Socialista Ecuatoriano (PSE),Facebook,Lunes,0.0
Partido Socialista Ecuatoriano (PSE),Facebook,Martes,0.0
Partido Socialista Ecuatoriano (PSE),Facebook,Miércoles,0.0
Partido Socialista Ecuatoriano (PSE),Facebook,Jueves,0.0
Partido Socialista Ecuatoriano (PSE),Facebook,Viernes,0.0
Partido Socialista Ecuatoriano (PSE),Facebook,Sábado,0.0
Partido Socialista Ecuatoriano (PSE),Facebook,Domingo,0.0
Partido Socialista Ecuatoriano (PSE),Instagram,Lunes,0.0
Partido Socialista Ecuatoriano (PSE),Instagram,Martes,0.0
Partido Socialista Ecuatoriano (PSE),Instagram,Miércoles,0.0
Partido Socialista Ecuatoriano (PSE),Instagram,Jueves,0.0
Partido Socialista Ecuatoriano (PSE),Instagram,Viernes,0.0
Partido Socialista Ecuatoriano (PSE),Instagram,Sábado,0.0
Partido Socialista Ecuatoriano (PSE),Instagram,Domingo,0.0
Partido Socialista Ecuatoriano (PSE),Tiktok,Lunes,0.0
Partido Socialista Ecuatoriano (PSE),Tiktok,Martes,0.0
Partido Socialista Ecuatoriano (PSE),Tiktok,Miércoles,303.93
Partido Socialista Ecuatoriano (PSE),Tiktok,Jueves,193.05
Partido Socialista Ecuatoriano (PSE),Tiktok,Viernes,41.03
Partido Socialista Ecuatoriano (PSE),Tiktok,Sábado,211.2
Partido Socialista Ecuatoriano (PSE),Tiktok,Domingo,0.0
Partido Socialista Ecuatoriano (PSE),X,Lunes,0.0
Partido Socialista Ecuatoriano (PSE),X,Martes,0.0
Partido Socialista Ecuatoriano (PSE),X,Miércoles,0.5
Partido Socialista Ecuatoriano (PSE),X,Jueves,0.0
Partido Socialista Ecuatoriano (PSE),X,Viernes,0.0
Partido Socialista Ecuatoriano (PSE),X,Sábado,0.0
Partido Socialista Ecuatoriano (PSE),X,Domingo,0.0
Partido Sociedad Patriótica 21 De Enero (PSP),Facebook,Lunes,0.0
Partido Sociedad Patriótica 21 De Enero (PSP),Facebook,Martes,0.0
Partido Sociedad Patriótica 21 De Enero (PSP),Facebook,Miércoles,0.0
Partido Sociedad Patriótica 21 De Enero (PSP),Facebook,Jueves,0.0
Partido Sociedad Patriótica 21 De Enero (PSP),Facebook,Viernes,0.0
Partido Sociedad Patriótica 21 De Enero (PSP),Facebook,Sábado,0.0
Partido Sociedad Patriótica 21 De Enero (PSP),Facebook,Domingo,0.0
Partido Sociedad Patriótica 21 De Enero (PSP),Instagram,Lunes,0.0
Partido Sociedad Patriótica 21 De Enero (PSP),Instagram,Martes,0.0
Partido Sociedad Patriótica 21 De Enero (PSP),Instagram,Miércoles,0.0
Partido Sociedad Patriótica 21 De Enero (PSP),Instagram,Jueves,0.0
Partido Sociedad Patriótica 21 De Enero (PSP),Instagram,Viernes,0.0
Partido Sociedad Patriótica 21 De Enero (PSP),Instagram,Sábado,0.0
Partido Sociedad Patriótica 21 De Enero (PSP),Instagram,Domingo,0.0
Partido Sociedad Patriótica 21 De Enero (PSP),Tiktok,Lunes,25404.7
Partido Sociedad Patriótica 21 De Enero (PSP),Tiktok,Martes,35867.41
Partido Sociedad Patriótica 21 De Enero (PSP),Tiktok,Miércoles,2854.82
Partido Sociedad Patriótica 21 De Enero (PSP),Tiktok,Jueves,28479.05
Partido Sociedad Patriótica 21 De Enero (PSP),Tiktok,Viernes,13218.0
Partido Sociedad Patriótica 21 De Enero (PSP),Tiktok,Sábado,57365.9
Partido Sociedad Patriótica 21 De Enero (PSP),Tiktok,Domingo,15622.68
Partido Sociedad Patriótica 21 De Enero (PSP),X,Lunes,0.0
Partido Sociedad Patriótica 21 De Enero (PSP),X,Martes,15945.15
Partido Sociedad Patriótica 21 De Enero (PSP),X,Miércoles,0.0
Partido Sociedad Patriótica 21 De Enero (PSP),X,Jueves,0.0
Partido Sociedad Patriótica 21 De Enero (PSP),X,Viernes,0.0
Partido Sociedad Patriótica 21 De Enero (PSP),X,Sábado,0.0
Partido Sociedad Patriótica 21 De Enero (PSP),X,Domingo,0.0
Partido Sociedad Unida Más Acción (SUMA),Facebook,Lunes,0.0
Partido Sociedad Unida Más Acción (SUMA),Facebook,Martes,0.0
Partido Sociedad Unida Más Acción (SUMA),Facebook,Miércoles,0.0
Partido Sociedad Unida Más Acción (SUMA),Facebook,Jueves,0.0
Partido Sociedad Unida Más Acción (SUMA),Facebook,Viernes,0.0
Partido Sociedad Unida Más Acción (SUMA),Facebook,Sábado,0.0
Partido Sociedad Unida Más Acción (SUMA),Facebook,Domingo,0.0
Partido Sociedad Unida Más Acción (SUMA),Instagram,Lunes,0.0
Partido Sociedad Unida Más Acción (SUMA),Instagram,Martes,0.0
Partido Sociedad Unida Más Acción (SUMA),Instagram,Miércoles,0.0
Partido Sociedad Unida Más Acción (SUMA),Instagram,Jueves,0.0
Partido Sociedad Unida Más Acción (SUMA),Instagram,Viernes,0.0
Partido Sociedad Unida Más Acción (SUMA),Instagram,Sábado,0.0
Partido Sociedad Unida Más Acción (SUMA),Instagram,Domingo,0.0
Partido Sociedad Unida Más Acción (SUMA),Tiktok,Lunes,8.4
Partido Sociedad Unida Más Acción (SUMA),Tiktok,Martes,62.67
Partido Sociedad Unida Más Acción (SUMA),Tiktok,Miércoles,37.51
Partido Sociedad Unida Más Acción (SUMA),Tiktok,Jueves,19.14
Partido Sociedad Unida Más Acción (SUMA),Tiktok,Viernes,0.0
Partido Sociedad Unida Más Acción (SUMA),Tiktok,Sábado,45.0
Partido Sociedad Unida Más Acción (SUMA),Tiktok,Domingo,295.12
Partido Sociedad Unida Más Acción (SUMA),X,Lunes,0.0
Partido Sociedad Unida Más Acción (SUMA),X,Martes,0.0
Partido Sociedad Unida Más Acción (SUMA),X,Miércoles,0.0
Partido Sociedad Unida Más Acción (SUMA),X,Jueves,0.0
Partido Sociedad Unida Más Acción (SUMA),X,Viernes,0.0
Partido Sociedad Unida Más Acción (SUMA),X,Sábado,0.0
Partido Sociedad Unida Más Acción (SUMA),X,Domingo,0.0
Partido Unidad Popular (UP),Facebook,Lunes,217.04
Partido Unidad Popular (UP),Facebook,Martes,187.74
Partido Unidad Popular (UP),Facebook,Miércoles,179.4
Partido Unidad Popular (UP),Facebook,Jueves,224.74
Partido Unidad Popular (UP),Facebook,Viernes,241.24
Partido Unidad Popular (UP),Facebook,Sábado,295.41
Partido Unidad Popular (UP),Facebook,Domingo,295.41
Partido Unidad Popular (UP),Instagram,Lunes,217.04
Partido Unidad Popular (UP),Instagram,Martes,187.74
Partido Unidad Popular (UP),Instagram,Miércoles,179.4
Partido Unidad Popular (UP),Instagram,Jueves,224.74
Partido Unidad Popular (UP),Instagram,Viernes,241.24
Partido Unidad Popular (UP),Instagram,Sábado,295.41
Partido Unidad Popular (UP),Instagram,Domingo,295.41
Partido Unidad Popular (UP),Tiktok,Lunes,1050.08
Partido Unidad Popular (UP),Tiktok,Martes,1986.26
Partido Unidad Popular (UP),Tiktok,Miércoles,2165.54
Partido Unidad Popular (UP),Tiktok,Jueves,103.18
Partido Unidad Popular (UP),Tiktok,Viernes,129.13
Partido Unidad Popular (UP),Tiktok,Sábado,3774.87
Partido Unidad Popular (UP),Tiktok,Domingo,1687.44
Partido Unidad Popular (UP),X,Lunes,0.0
Partido Unidad Popular (UP),X,Martes,0.0
Partido Unidad Popular (UP),X,Miércoles,0.0
Partido Unidad Popular (UP),X,Jueves,0.0
Partido Unidad Popular (UP),X,Viernes,0.0
Partido Unidad Popular (UP),X,Sábado,0.0
Partido Unidad Popular (UP),X,Domingo,0.0
