Partido o Movimiento Político,Red Social,Fecha,Gasto Estimado ($)
Alianza Revolución Ciudadana - Reto (RC/RETO),Facebook,2025-01-01,0.0
Alianza Revolución Ciudadana - Reto (RC/RETO),Facebook,2025-01-02,0.0
Alianza Revolución Ciudadana - Reto (RC/RETO),Facebook,2025-01-03,0.0
Alianza Revolución Ciudadana - Reto (RC/RETO),Facebook,2025-01-04,0.0
Alianza Revolución Ciudadana - Reto (RC/RETO),Facebook,2025-01-05,0.0
Alianza Revolución Ciudadana - Reto (RC/RETO),Facebook,2025-01-06,0.0
Alianza Revolución Ciudadana - Reto (RC/RETO),Facebook,2025-01-07,0.0
Alianza Revolución Ciudadana - Reto (RC/RETO),Facebook,2025-01-08,0.0
Alianza Revolución Ciudadana - Reto (RC/RETO),Facebook,2025-01-09,12.38
Alianza Revolución Ciudadana - Reto (RC/RETO),Facebook,2025-01-10,12.38
Alianza Revolución Ciudadana - Reto (RC/RETO),Facebook,2025-01-11,12.38
Alianza Revolución Ciudadana - Reto (RC/RETO),Facebook,2025-01-12,12.38
Alianza Revolución Ciudadana - Reto (RC/RETO),Facebook,2025-01-13,0.0
Alianza Revolución Ciudadana - Reto (RC/RETO),Facebook,2025-01-14,0.0
Alianza Revolución Ciudadana - Reto (RC/RETO),Facebook,2025-01-15,0.0
Alianza Revolución Ciudadana - Reto (RC/RETO),Facebook,2025-01-16,0.0
Alianza Revolución Ciudadana - Reto (RC/RETO),Facebook,2025-01-17,0.0
Alianza Revolución Ciudadana - Reto (RC/RETO),Facebook,2025-01-18,0.0
Alianza Revolución Ciudadana - Reto (RC/RETO),Facebook,2025-01-19,0.0
Alianza Revolución Ciudadana - Reto (RC/RETO),Facebook,2025-01-20,0.0
Alianza Revolución Ciudadana - Reto (RC/RETO),Facebook,2025-01-21,0.0
Alianza Revolución Ciudadana - Reto (RC/RETO),Facebook,2025-01-22,0.0
Alianza Revolución Ciudadana - Reto (RC/RETO),Facebook,2025-01-23,0.0
Alianza Revolución Ciudadana - Reto (RC/RETO),Instagram,2025-01-01,0.0
Alianza Revolución Ciudadana - Reto (RC/RETO),Instagram,2025-01-02,0.0
Alianza Revolución Ciudadana - Reto (RC/RETO),Instagram,2025-01-03,0.0
Alianza Revolución Ciudadana - Reto (RC/RETO),Instagram,2025-01-04,0.0
Alianza Revolución Ciudadana - Reto (RC/RETO),Instagram,2025-01-05,0.0
Alianza Revolución Ciudadana - Reto (RC/RETO),Instagram,2025-01-06,0.0
Alianza Revolución Ciudadana - Reto (RC/RETO),Instagram,2025-01-07,0.0
Alianza Revolución Ciudadana - Reto (RC/RETO),Instagram,2025-01-08,0.0
Alianza Revolución Ciudadana - Reto (RC/RETO),Instagram,2025-01-09,12.38
Alianza Revolución Ciudadana - Reto (RC/RETO),Instagram,2025-01-10,12.38
Alianza Revolución Ciudadana - Reto (RC/RETO),Instagram,2025-01-11,12.38
Alianza Revolución Ciudadana - Reto (RC/RETO),Instagram,2025-01-12,12.38
Alianza Revolución Ciudadana - Reto (RC/RETO),Instagram,2025-01-13,0.0
Alianza Revolución Ciudadana - Reto (RC/RETO),Instagram,2025-01-14,0.0
Alianza Revolución Ciudadana - Reto (RC/RETO),Instagram,2025-01-15,0.0
Alianza Revolución Ciudadana - Reto (RC/RETO),Instagram,2025-01-16,0.0
Alianza Revolución Ciudadana - Reto (RC/RETO),Instagram,2025-01-17,0.0
Alianza Revolución Ciudadana - Reto (RC/RETO),Instagram,2025-01-18,0.0
Alianza Revolución Ciudadana - Reto (RC/RETO),Instagram,2025-01-19,0.0
Alianza Revolución Ciudadana - Reto (RC/RETO),Instagram,2025-01-20,0.0
Alianza Revolución Ciudadana - Reto (RC/RETO),Instagram,2025-01-21,0.0
Alianza Revolución Ciudadana - Reto (RC/RETO),Instagram,2025-01-22,0.0
Alianza Revolución Ciudadana - Reto (RC/RETO),Instagram,2025-01-23,0.0
Alianza Revolución Ciudadana - Reto (RC/RETO),Tiktok,2025-01-01,0.0
Alianza Revolución Ciudadana - Reto (RC/RETO),Tiktok,2025-01-02,0.0
Alianza Revolución Ciudadana - Reto (RC/RETO),Tiktok,2025-01-03,0.0
Alianza Revolución Ciudadana - Reto (RC/RETO),Tiktok,2025-01-04,0.0
Alianza Revolución Ciudadana - Reto (RC/RETO),Tiktok,2025-01-05,2480.0
Alianza Revolución Ciudadana - Reto (RC/RETO),Tiktok,2025-01-06,0.0
Alianza Revolución Ciudadana - Reto (RC/RETO),Tiktok,2025-01-07,0.0
Alianza Revolución Ciudadana - Reto (RC/RETO),Tiktok,2025-01-08,852.5
Alianza Revolución Ciudadana - Reto (RC/RETO),Tiktok,2025-01-09,0.0
Alianza Revolución Ciudadana - Reto (RC/RETO),Tiktok,2025-01-10,0.0
Alianza Revolución Ciudadana - Reto (RC/RETO),Tiktok,2025-01-11,0.0
Alianza Revolución Ciudadana - Reto (RC/RETO),Tiktok,2025-01-12,0.0
Alianza Revolución Ciudadana - Reto (RC/RETO),Tiktok,2025-01-13,0.0
Alianza Revolución Ciudadana - Reto (RC/RETO),Tiktok,2025-01-14,0.0
Alianza Revolución Ciudadana - Reto (RC/RETO),Tiktok,2025-01-15,0.0
Alianza Revolución Ciudadana - Reto (RC/RETO),Tiktok,2025-01-16,0.0
Alianza Revolución Ciudadana - Reto (RC/RETO),Tiktok,2025-01-17,0.0
Alianza Revolución Ciudadana - Reto (RC/RETO),Tiktok,2025-01-18,0.0
Alianza Revolución Ciudadana - Reto (RC/RETO),Tiktok,2025-01-19,566.0
Alianza Revolución Ciudadana - Reto (RC/RETO),Tiktok,2025-01-20,519.0
Alianza Revolución Ciudadana - Reto (RC/RETO),Tiktok,2025-01-21,0.0
Alianza Revolución Ciudadana - Reto (RC/RETO),Tiktok,2025-01-22,3345.5
Alianza Revolución Ciudadana - Reto (RC/RETO),Tiktok,2025-01-23,0.0
Alianza Revolución Ciudadana - Reto (RC/RETO),X,2025-01-01,0.0
Alianza Revolución Ciudadana - Reto (RC/RETO),X,2025-01-02,0.0
Alianza Revolución Ciudadana - Reto (RC/RETO),X,2025-01-03,0.0
Alianza Revolución Ciudadana - Reto (RC/RETO),X,2025-01-04,0.0
Alianza Revolución Ciudadana - Reto (RC/RETO),X,2025-01-05,0.0
Alianza Revolución Ciudadana - Reto (RC/RETO),X,2025-01-06,0.0
Alianza Revolución Ciudadana - Reto (RC/RETO),X,2025-01-07,0.0
Alianza Revolución Ciudadana - Reto (RC/RETO),X,2025-01-08,0.0
Alianza Revolución Ciudadana - Reto (RC/RETO),X,2025-01-09,0.0
Alianza Revolución Ciudadana - Reto (RC/RETO),X,2025-01-10,0.0
Alianza Revolución Ciudadana - Reto (RC/RETO),X,2025-01-11,5782.17
Alianza Revolución Ciudadana - Reto (RC/RETO),X,2025-01-12,0.0
Alianza Revolución Ciudadana - Reto (RC/RETO),X,2025-01-13,0.0
Alianza Revolución Ciudadana - Reto (RC/RETO),X,2025-01-14,0.0
Alianza Revolución Ciudadana - Reto (RC/RETO),X,2025-01-15,16688.2
Alianza Revolución Ciudadana - Reto (RC/RETO),X,2025-01-16,0.0
Alianza Revolución Ciudadana - Reto (RC/RETO),X,2025-01-17,0.0
Alianza Revolución Ciudadana - Reto (RC/RETO),X,2025-01-18,1975.3
Alianza Revolución Ciudadana - Reto (RC/RETO),X,2025-01-19,0.0
Alianza Revolución Ciudadana - Reto (RC/RETO),X,2025-01-20,0.42
Alianza Revolución Ciudadana - Reto (RC/RETO),X,2025-01-21,0.0
Alianza Revolución Ciudadana - Reto (RC/RETO),X,2025-01-22,0.0
Alianza Revolución Ciudadana - Reto (RC/RETO),X,2025-01-23,2979.02
Movimiento Accion Democratica Nacional (ADN),Facebook,2025-01-01,388.37
Movimiento Accion Democratica Nacional (ADN),Facebook,2025-01-02,388.37
Movimiento Accion Democratica Nacional (ADN),Facebook,2025-01-03,388.37
Movimiento Accion Democratica Nacional (ADN),Facebook,2025-01-04,538.27
Movimiento Accion Democratica Nacional (ADN),Facebook,2025-01-05,550.64
Movimiento Accion Democratica Nacional (ADN),Facebook,2025-01-06,946.02
Movimiento Accion Democratica Nacional (ADN),Facebook,2025-01-07,946.02
Movimiento Accion Democratica Nacional (ADN),Facebook,2025-01-08,1351.63
Movimiento Accion Democratica Nacional (ADN),Facebook,2025-01-09,980.21
Movimiento Accion Democratica Nacional (ADN),Facebook,2025-01-10,1104.84
Movimiento Accion Democratica Nacional (ADN),Facebook,2025-01-11,830.0
Movimiento Accion Democratica Nacional (ADN),Facebook,2025-01-12,967.71
Movimiento Accion Democratica Nacional (ADN),Facebook,2025-01-13,905.92
Movimiento Accion Democratica Nacional (ADN),Facebook,2025-01-14,790.88
Movimiento Accion Democratica Nacional (ADN),Facebook,2025-01-15,828.32
Movimiento Accion Democratica Nacional (ADN),Facebook,2025-01-16,462.47
Movimiento Accion Democratica Nacional (ADN),Facebook,2025-01-17,795.47
Movimiento Accion Democratica Nacional (ADN),Facebook,2025-01-18,1193.8
Movimiento Accion Democratica Nacional (ADN),Facebook,2025-01-19,1659.03
Movimiento Accion Democratica Nacional (ADN),Facebook,2025-01-20,1276.53
Movimiento Accion Democratica Nacional (ADN),Facebook,2025-01-21,1002.2
Movimiento Accion Democratica Nacional (ADN),Facebook,2025-01-22,627.5
Movimiento Accion Democratica Nacional (ADN),Facebook,2025-01-23,154.85
Movimiento Accion Democratica Nacional (ADN),Instagram,2025-01-01,952.23
Movimiento Accion Democratica Nacional (ADN),Instagram,2025-01-02,952.23
Movimiento Accion Democratica Nacional (ADN),Instagram,2025-01-03,952.23
Movimiento Accion Democratica Nacional (ADN),Instagram,2025-01-04,1241.93
Movimiento Accion Democratica Nacional (ADN),Instagram,2025-01-05,1254.31
Movimiento Accion Democratica Nacional (ADN),Instagram,2025-01-06,1649.68
Movimiento Accion Democratica Nacional (ADN),Instagram,2025-01-07,1649.68
Movimiento Accion Democratica Nacional (ADN),Instagram,2025-01-08,3237.13
Movimiento Accion Democratica Nacional (ADN),Instagram,2025-01-09,2936.59
Movimiento Accion Democratica Nacional (ADN),Instagram,2025-01-10,3601.97
Movimiento Accion Democratica Nacional (ADN),Instagram,2025-01-11,2844.14
Movimiento Accion Democratica Nacional (ADN),Instagram,2025-01-12,3180.72
Movimiento Accion Democratica Nacional (ADN),Instagram,2025-01-13,2829.84
Movimiento Accion Democratica Nacional (ADN),Instagram,2025-01-14,2032.99
Movimiento Accion Democratica Nacional (ADN),Instagram,2025-01-15,2253.43
Movimiento Accion Democratica Nacional (ADN),Instagram,2025-01-16,1827.51
Movimiento Accion Democratica Nacional (ADN),Instagram,2025-01-17,2326.85
Movimiento Accion Democratica Nacional (ADN),Instagram,2025-01-18,4415.85
Movimiento Accion Democratica Nacional (ADN),Instagram,2025-01-19,5284.71
Movimiento Accion Democratica Nacional (ADN),Instagram,2025-01-20,3542.01
Movimiento Accion Democratica Nacional (ADN),Instagram,2025-01-21,2500.33
Movimiento Accion Democratica Nacional (ADN),Instagram,2025-01-22,1594.3
Movimiento Accion Democratica Nacional (ADN),Instagram,2025-01-23,274.65
Movimiento Accion Democratica Nacional (ADN),Tiktok,2025-01-01,0.0
Movimiento Accion Democratica Nacional (ADN),Tiktok,2025-01-02,0.0
Movimiento Accion Democratica Nacional (ADN),Tiktok,2025-01-03,0.0
Movimiento Accion Democratica Nacional (ADN),Tiktok,2025-01-04,187.44
Movimiento Accion Democratica Nacional (ADN),Tiktok,2025-01-05,79.42
Movimiento Accion Democratica Nacional (ADN),Tiktok,2025-01-06,0.0
Movimiento Accion Democratica Nacional (ADN),Tiktok,2025-01-07,50400.35
Movimiento Accion Democratica Nacional (ADN),Tiktok,2025-01-08,0.0
Movimiento Accion Democratica Nacional (ADN),Tiktok,2025-01-09,0.0
Movimiento Accion Democratica Nacional (ADN),Tiktok,2025-01-10,0.0
Movimiento Accion Democratica Nacional (ADN),Tiktok,2025-01-11,53788.0
Movimiento Accion Democratica Nacional (ADN),Tiktok,2025-01-12,49362.5
Movimiento Accion Democratica Nacional (ADN),Tiktok,2025-01-13,945000.0
Movimiento Accion Democratica Nacional (ADN),Tiktok,2025-01-14,38016.0
Movimiento Accion Democratica Nacional (ADN),Tiktok,2025-01-15,71.84
Movimiento Accion Democratica Nacional (ADN),Tiktok,2025-01-16,48818.0
Movimiento Accion Democratica Nacional (ADN),Tiktok,2025-01-17,26.9
Movimiento Accion Democratica Nacional (ADN),Tiktok,2025-01-18,1262.5
Movimiento Accion Democratica Nacional (ADN),Tiktok,2025-01-19,0.0
Movimiento Accion Democratica Nacional (ADN),Tiktok,2025-01-20,0.0
Movimiento Accion Democratica Nacional (ADN),Tiktok,2025-01-21,0.0
Movimiento Accion Democratica Nacional (ADN),Tiktok,2025-01-22,0.0
Movimiento Accion Democratica Nacional (ADN),Tiktok,2025-01-23,0.0
Movimiento Accion Democratica Nacional (ADN),X,2025-01-01,0.0
Movimiento Accion Democratica Nacional (ADN),X,2025-01-02,0.0
Movimiento Accion Democratica Nacional (ADN),X,2025-01-03,0.0
Movimiento Accion Democratica Nacional (ADN),X,2025-01-04,0.0
Movimiento Accion Democratica Nacional (ADN),X,2025-01-05,0.0
Movimiento Accion Democratica Nacional (ADN),X,2025-01-06,0.0
Movimiento Accion Democratica Nacional (ADN),X,2025-01-07,0.0
Movimiento Accion Democratica Nacional (ADN),X,2025-01-08,0.0
Movimiento Accion Democratica Nacional (ADN),X,2025-01-09,0.0
Movimiento Accion Democratica Nacional (ADN),X,2025-01-10,0.0
Movimiento Accion Democratica Nacional (ADN),X,2025-01-11,0.0
Movimiento Accion Democratica Nacional (ADN),X,2025-01-12,35921.68
Movimiento Accion Democratica Nacional (ADN),X,2025-01-13,0.0
Movimiento Accion Democratica Nacional (ADN),X,2025-01-14,0.0
Movimiento Accion Democratica Nacional (ADN),X,2025-01-15,0.0
Movimiento Accion Democratica Nacional (ADN),X,2025-01-16,0.0
Movimiento Accion Democratica Nacional (ADN),X,2025-01-17,0.0
Movimiento Accion Democratica Nacional (ADN),X,2025-01-18,0.0
Movimiento Accion Democratica Nacional (ADN),X,2025-01-19,136409.4
Movimiento Accion Democratica Nacional (ADN),X,2025-01-20,0.0
Movimiento Accion Democratica Nacional (ADN),X,2025-01-21,0.0
Movimiento Accion Democratica Nacional (ADN),X,2025-01-22,0.0
Movimiento Accion Democratica Nacional (ADN),X,2025-01-23,0.0
Movimiento Acción Movilizadora Independiente Generando Oportunidades (AMIGO),Facebook,2025-01-01,41.4
Movimiento Acción Movilizadora Independiente Generando Oportunidades (AMIGO),Facebook,2025-01-02,0.0
Movimiento Acción Movilizadora Independiente Generando Oportunidades (AMIGO),Facebook,2025-01-03,0.0
Movimiento Acción Movilizadora Independiente Generando Oportunidades (AMIGO),Facebook,2025-01-04,199.5
Movimiento Acción Movilizadora Independiente Generando Oportunidades (AMIGO),Facebook,2025-01-05,308.4
Movimiento Acción Movilizadora Independiente Generando Oportunidades (AMIGO),Facebook,2025-01-06,308.4
Movimiento Acción Movilizadora Independiente Generando Oportunidades (AMIGO),Facebook,2025-01-07,417.3
Movimiento Acción Movilizadora Independiente Generando Oportunidades (AMIGO),Facebook,2025-01-08,516.3
Movimiento Acción Movilizadora Independiente Generando Oportunidades (AMIGO),Facebook,2025-01-09,565.8
Movimiento Acción Movilizadora Independiente Generando Oportunidades (AMIGO),Facebook,2025-01-10,257.4
Movimiento Acción Movilizadora Independiente Generando Oportunidades (AMIGO),Facebook,2025-01-11,461.55
Movimiento Acción Movilizadora Independiente Generando Oportunidades (AMIGO),Facebook,2025-01-12,402.15
Movimiento Acción Movilizadora Independiente Generando Oportunidades (AMIGO),Facebook,2025-01-13,352.65
Movimiento Acción Movilizadora Independiente Generando Oportunidades (AMIGO),Facebook,2025-01-14,481.95
Movimiento Acción Movilizadora Independiente Generando Oportunidades (AMIGO),Facebook,2025-01-15,407.82
Movimiento Acción Movilizadora Independiente Generando Oportunidades (AMIGO),Facebook,2025-01-16,228.42
Movimiento Acción Movilizadora Independiente Generando Oportunidades (AMIGO),Facebook,2025-01-17,228.42
Movimiento Acción Movilizadora Independiente Generando Oportunidades (AMIGO),Facebook,2025-01-18,812.52
Movimiento Acción Movilizadora Independiente Generando Oportunidades (AMIGO),Facebook,2025-01-19,683.22
Movimiento Acción Movilizadora Independiente Generando Oportunidades (AMIGO),Facebook,2025-01-20,89.22
Movimiento Acción Movilizadora Independiente Generando Oportunidades (AMIGO),Facebook,2025-01-21,287.23
Movimiento Acción Movilizadora Independiente Generando Oportunidades (AMIGO),Facebook,2025-01-22,287.23
Movimiento Acción Movilizadora Independiente Generando Oportunidades (AMIGO),Facebook,2025-01-23,198.0
Movimiento Acción Movilizadora Independiente Generando Oportunidades (AMIGO),Instagram,2025-01-01,0.0
Movimiento Acción Movilizadora Independiente Generando Oportunidades (AMIGO),Instagram,2025-01-02,0.0
Movimiento Acción Movilizadora Independiente Generando Oportunidades (AMIGO),Instagram,2025-01-03,0.0
Movimiento Acción Movilizadora Independiente Generando Oportunidades (AMIGO),Instagram,2025-01-04,139.47
Movimiento Acción Movilizadora Independiente Generando Oportunidades (AMIGO),Instagram,2025-01-05,327.77
Movimiento Acción Movilizadora Independiente Generando Oportunidades (AMIGO),Instagram,2025-01-06,327.77
Movimiento Acción Movilizadora Independiente Generando Oportunidades (AMIGO),Instagram,2025-01-07,441.62
Movimiento Acción Movilizadora Independiente Generando Oportunidades (AMIGO),Instagram,2025-01-08,540.62
Movimiento Acción Movilizadora Independiente Generando Oportunidades (AMIGO),Instagram,2025-01-09,500.82
Movimiento Acción Movilizadora Independiente Generando Oportunidades (AMIGO),Instagram,2025-01-10,277.2
Movimiento Acción Movilizadora Independiente Generando Oportunidades (AMIGO),Instagram,2025-01-11,511.65
Movimiento Acción Movilizadora Independiente Generando Oportunidades (AMIGO),Instagram,2025-01-12,472.05
Movimiento Acción Movilizadora Independiente Generando Oportunidades (AMIGO),Instagram,2025-01-13,422.55
Movimiento Acción Movilizadora Independiente Generando Oportunidades (AMIGO),Instagram,2025-01-14,635.87
Movimiento Acción Movilizadora Independiente Generando Oportunidades (AMIGO),Instagram,2025-01-15,700.96
Movimiento Acción Movilizadora Independiente Generando Oportunidades (AMIGO),Instagram,2025-01-16,441.76
Movimiento Acción Movilizadora Independiente Generando Oportunidades (AMIGO),Instagram,2025-01-17,441.76
Movimiento Acción Movilizadora Independiente Generando Oportunidades (AMIGO),Instagram,2025-01-18,788.26
Movimiento Acción Movilizadora Independiente Generando Oportunidades (AMIGO),Instagram,2025-01-19,679.11
Movimiento Acción Movilizadora Independiente Generando Oportunidades (AMIGO),Instagram,2025-01-20,199.45
Movimiento Acción Movilizadora Independiente Generando Oportunidades (AMIGO),Instagram,2025-01-21,694.45
Movimiento Acción Movilizadora Independiente Generando Oportunidades (AMIGO),Instagram,2025-01-22,540.38
Movimiento Acción Movilizadora Independiente Generando Oportunidades (AMIGO),Instagram,2025-01-23,495.0
Movimiento Acción Movilizadora Independiente Generando Oportunidades (AMIGO),Tiktok,2025-01-01,0.0
Movimiento Acción Movilizadora Independiente Generando Oportunidades (AMIGO),Tiktok,2025-01-02,0.0
Movimiento Acción Movilizadora Independiente Generando Oportunidades (AMIGO),Tiktok,2025-01-03,0.0
Movimiento Acción Movilizadora Independiente Generando Oportunidades (AMIGO),Tiktok,2025-01-04,7350.0
Movimiento Acción Movilizadora Independiente Generando Oportunidades (AMIGO),Tiktok,2025-01-05,794.21
Movimiento Acción Movilizadora Independiente Generando Oportunidades (AMIGO),Tiktok,2025-01-06,4445.98
Movimiento Acción Movilizadora Independiente Generando Oportunidades (AMIGO),Tiktok,2025-01-07,213.57
Movimiento Acción Movilizadora Independiente Generando Oportunidades (AMIGO),Tiktok,2025-01-08,1191.06
Movimiento Acción Movilizadora Independiente Generando Oportunidades (AMIGO),Tiktok,2025-01-09,440.62
Movimiento Acción Movilizadora Independiente Generando Oportunidades (AMIGO),Tiktok,2025-01-10,0.0
Movimiento Acción Movilizadora Independiente Generando Oportunidades (AMIGO),Tiktok,2025-01-11,928.7
Movimiento Acción Movilizadora Independiente Generando Oportunidades (AMIGO),Tiktok,2025-01-12,673.97
Movimiento Acción Movilizadora Independiente Generando Oportunidades (AMIGO),Tiktok,2025-01-13,1390.7
Movimiento Acción Movilizadora Independiente Generando Oportunidades (AMIGO),Tiktok,2025-01-14,113.04
Movimiento Acción Movilizadora Independiente Generando Oportunidades (AMIGO),Tiktok,2025-01-15,12441.34
Movimiento Acción Movilizadora Independiente Generando Oportunidades (AMIGO),Tiktok,2025-01-16,132.23
Movimiento Acción Movilizadora Independiente Generando Oportunidades (AMIGO),Tiktok,2025-01-17,854.6
Movimiento Acción Movilizadora Independiente Generando Oportunidades (AMIGO),Tiktok,2025-01-18,278.75
Movimiento Acción Movilizadora Independiente Generando Oportunidades (AMIGO),Tiktok,2025-01-19,263.44
Movimiento Acción Movilizadora Independiente Generando Oportunidades (AMIGO),Tiktok,2025-01-20,118.47
Movimiento Acción Movilizadora Independiente Generando Oportunidades (AMIGO),Tiktok,2025-01-21,58.26
Movimiento Acción Movilizadora Independiente Generando Oportunidades (AMIGO),Tiktok,2025-01-22,0.0
Movimiento Acción Movilizadora Independiente Generando Oportunidades (AMIGO),Tiktok,2025-01-23,179.5
Movimiento Acción Movilizadora Independiente Generando Oportunidades (AMIGO),X,2025-01-01,0.0
Movimiento Acción Movilizadora Independiente Generando Oportunidades (AMIGO),X,2025-01-02,0.0
Movimiento Acción Movilizadora Independiente Generando Oportunidades (AMIGO),X,2025-01-03,0.0
Movimiento Acción Movilizadora Independiente Generando Oportunidades (AMIGO),X,2025-01-04,0.0
Movimiento Acción Movilizadora Independiente Generando Oportunidades (AMIGO),X,2025-01-05,0.0
Movimiento Acción Movilizadora Independiente Generando Oportunidades (AMIGO),X,2025-01-06,0.0
Movimiento Acción Movilizadora Independiente Generando Oportunidades (AMIGO),X,2025-01-07,0.6
Movimiento Acción Movilizadora Independiente Generando Oportunidades (AMIGO),X,2025-01-08,0.0
Movimiento Acción Movilizadora Independiente Generando Oportunidades (AMIGO),X,2025-01-09,2.4
Movimiento Acción Movilizadora Independiente Generando Oportunidades (AMIGO),X,2025-01-10,16.26
Movimiento Acción Movilizadora Independiente Generando Oportunidades (AMIGO),X,2025-01-11,62.88
Movimiento Acción Movilizadora Independiente Generando Oportunidades (AMIGO),X,2025-01-12,12.45
Movimiento Acción Movilizadora Independiente Generando Oportunidades (AMIGO),X,2025-01-13,0.0
Movimiento Acción Movilizadora Independiente Generando Oportunidades (AMIGO),X,2025-01-14,4.3
Movimiento Acción Movilizadora Independiente Generando Oportunidades (AMIGO),X,2025-01-15,20.7
Movimiento Acción Movilizadora Independiente Generando Oportunidades (AMIGO),X,2025-01-16,22.1
Movimiento Acción Movilizadora Independiente Generando Oportunidades (AMIGO),X,2025-01-17,11.75
Movimiento Acción Movilizadora Independiente Generando Oportunidades (AMIGO),X,2025-01-18,0.0
Movimiento Acción Movilizadora Independiente Generando Oportunidades (AMIGO),X,2025-01-19,348.04
Movimiento Acción Movilizadora Independiente Generando Oportunidades (AMIGO),X,2025-01-20,0.4
Movimiento Acción Movilizadora Independiente Generando Oportunidades (AMIGO),X,2025-01-21,0.0
Movimiento Acción Movilizadora Independiente Generando Oportunidades (AMIGO),X,2025-01-22,0.0
Movimiento Acción Movilizadora Independiente Generando Oportunidades (AMIGO),X,2025-01-23,0.0
Movimiento Centro Democrático (CD),Facebook,2025-01-01,0.0
Movimiento Centro Democrático (CD),Facebook,2025-01-02,0.0
Movimiento Centro Democrático (CD),Facebook,2025-01-03,0.0
Movimiento Centro Democrático (CD),Facebook,2025-01-04,0.0
Movimiento Centro Democrático (CD),Facebook,2025-01-05,0.0
Movimiento Centro Democrático (CD),Facebook,2025-01-06,0.0
Movimiento Centro Democrático (CD),Facebook,2025-01-07,0.0
Movimiento Centro Democrático (CD),Facebook,2025-01-08,0.0
Movimiento Centro Democrático (CD),Facebook,2025-01-09,0.0
Movimiento Centro Democrático (CD),Facebook,2025-01-10,0.0
Movimiento Centro Democrático (CD),Facebook,2025-01-11,0.0
Movimiento Centro Democrático (CD),Facebook,2025-01-12,0.0
Movimiento Centro Democrático (CD),Facebook,2025-01-13,0.0
Movimiento Centro Democrático (CD),Facebook,2025-01-14,0.0
Movimiento Centro Democrático (CD),Facebook,2025-01-15,0.0
Movimiento Centro Democrático (CD),Facebook,2025-01-16,0.0
Movimiento Centro Democrático (CD),Facebook,2025-01-17,0.0
Movimiento Centro Democrático (CD),Facebook,2025-01-18,0.0
Movimiento Centro Democrático (CD),Facebook,2025-01-19,0.0
Movimiento Centro Democrático (CD),Facebook,2025-01-20,0.0
Movimiento Centro Democrático (CD),Facebook,2025-01-21,0.0
Movimiento Centro Democrático (CD),Facebook,2025-01-22,0.0
Movimiento Centro Democrático (CD),Facebook,2025-01-23,0.0
Movimiento Centro Democrático (CD),Instagram,2025-01-01,0.0
Movimiento Centro Democrático (CD),Instagram,2025-01-02,0.0
Movimiento Centro Democrático (CD),Instagram,2025-01-03,0.0
Movimiento Centro Democrático (CD),Instagram,2025-01-04,0.0
Movimiento Centro Democrático (CD),Instagram,2025-01-05,0.0
Movimiento Centro Democrático (CD),Instagram,2025-01-06,0.0
Movimiento Centro Democrático (CD),Instagram,2025-01-07,0.0
Movimiento Centro Democrático (CD),Instagram,2025-01-08,0.0
Movimiento Centro Democrático (CD),Instagram,2025-01-09,0.0
Movimiento Centro Democrático (CD),Instagram,2025-01-10,0.0
Movimiento Centro Democrático (CD),Instagram,2025-01-11,0.0
Movimiento Centro Democrático (CD),Instagram,2025-01-12,0.0
Movimiento Centro Democrático (CD),Instagram,2025-01-13,0.0
Movimiento Centro Democrático (CD),Instagram,2025-01-14,0.0
Movimiento Centro Democrático (CD),Instagram,2025-01-15,0.0
Movimiento Centro Democrático (CD),Instagram,2025-01-16,0.0
Movimiento Centro Democrático (CD),Instagram,2025-01-17,0.0
Movimiento Centro Democrático (CD),Instagram,2025-01-18,0.0
Movimiento Centro Democrático (CD),Instagram,2025-01-19,0.0
Movimiento Centro Democrático (CD),Instagram,2025-01-20,0.0
Movimiento Centro Democrático (CD),Instagram,2025-01-21,0.0
Movimiento Centro Democrático (CD),Instagram,2025-01-22,0.0
Movimiento Centro Democrático (CD),Instagram,2025-01-23,0.0
Movimiento Centro Democrático (CD),Tiktok,2025-01-01,0.0
Movimiento Centro Democrático (CD),Tiktok,2025-01-02,0.0
Movimiento Centro Democrático (CD),Tiktok,2025-01-03,0.0
Movimiento Centro Democrático (CD),Tiktok,2025-01-04,723.4
Movimiento Centro Democrático (CD),Tiktok,2025-01-05,166.65
Movimiento Centro Democrático (CD),Tiktok,2025-01-06,1459.81
Movimiento Centro Democrático (CD),Tiktok,2025-01-07,9597.46
Movimiento Centro Democrático (CD),Tiktok,2025-01-08,602.1
Movimiento Centro Democrático (CD),Tiktok,2025-01-09,965.0
Movimiento Centro Democrático (CD),Tiktok,2025-01-10,8348.45
Movimiento Centro Democrático (CD),Tiktok,2025-01-11,388.63
Movimiento Centro Democrático (CD),Tiktok,2025-01-12,17436.77
Movimiento Centro Democrático (CD),Tiktok,2025-01-13,527.93
Movimiento Centro Democrático (CD),Tiktok,2025-01-14,112.86
Movimiento Centro Democrático (CD),Tiktok,2025-01-15,9331.0
Movimiento Centro Democrático (CD),Tiktok,2025-01-16,56.58
Movimiento Centro Democrático (CD),Tiktok,2025-01-17,320.88
Movimiento Centro Democrático (CD),Tiktok,2025-01-18,227.58
Movimiento Centro Democrático (CD),Tiktok,2025-01-19,1842.12
Movimiento Centro Democrático (CD),Tiktok,2025-01-20,3322.73
Movimiento Centro Democrático (CD),Tiktok,2025-01-21,306.78
Movimiento Centro Democrático (CD),Tiktok,2025-01-22,487.04
Movimiento Centro Democrático (CD),Tiktok,2025-01-23,6.02
Movimiento Centro Democrático (CD),X,2025-01-01,0.0
Movimiento Centro Democrático (CD),X,2025-01-02,0.0
Movimiento Centro Democrático (CD),X,2025-01-03,0.0
Movimiento Centro Democrático (CD),X,2025-01-04,0.0
Movimiento Centro Democrático (CD),X,2025-01-05,0.0
Movimiento Centro Democrático (CD),X,2025-01-06,66.25
Movimiento Centro Democrático (CD),X,2025-01-07,2.5
Movimiento Centro Democrático (CD),X,2025-01-08,0.0
Movimiento Centro Democrático (CD),X,2025-01-09,0.0
Movimiento Centro Democrático (CD),X,2025-01-10,0.0
Movimiento Centro Democrático (CD),X,2025-01-11,0.0
Movimiento Centro Democrático (CD),X,2025-01-12,1477.32
Movimiento Centro Democrático (CD),X,2025-01-13,16.45
Movimiento Centro Democrático (CD),X,2025-01-14,4.04
Movimiento Centro Democrático (CD),X,2025-01-15,1982.75
Movimiento Centro Democrático (CD),X,2025-01-16,36.9
Movimiento Centro Democrático (CD),X,2025-01-17,0.0
Movimiento Centro Democrático (CD),X,2025-01-18,32.1
Movimiento Centro Democrático (CD),X,2025-01-19,1.92
Movimiento Centro Democrático (CD),X,2025-01-20,0.0
Movimiento Centro Democrático (CD),X,2025-01-21,0.66
Movimiento Centro Democrático (CD),X,2025-01-22,0.46
Movimiento Centro Democrático (CD),X,2025-01-23,1.93
Movimiento Construye (CONSTRUYE),Facebook,2025-01-01,0.0
Movimiento Construye (CONSTRUYE),Facebook,2025-01-02,0.0
Movimiento Construye (CONSTRUYE),Facebook,2025-01-03,0.0
Movimiento Construye (CONSTRUYE),Facebook,2025-01-04,9.0
Movimiento Construye (CONSTRUYE),Facebook,2025-01-05,9.0
Movimiento Construye (CONSTRUYE),Facebook,2025-01-06,29.9
Movimiento Construye (CONSTRUYE),Facebook,2025-01-07,29.9
Movimiento Construye (CONSTRUYE),Facebook,2025-01-08,42.28
Movimiento Construye (CONSTRUYE),Facebook,2025-01-09,42.28
Movimiento Construye (CONSTRUYE),Facebook,2025-01-10,60.42
Movimiento Construye (CONSTRUYE),Facebook,2025-01-11,60.42
Movimiento Construye (CONSTRUYE),Facebook,2025-01-12,60.42
Movimiento Construye (CONSTRUYE),Facebook,2025-01-13,60.42
Movimiento Construye (CONSTRUYE),Facebook,2025-01-14,60.42
Movimiento Construye (CONSTRUYE),Facebook,2025-01-15,30.52
Movimiento Construye (CONSTRUYE),Facebook,2025-01-16,86.62
Movimiento Construye (CONSTRUYE),Facebook,2025-01-17,45.38
Movimiento Construye (CONSTRUYE),Facebook,2025-01-18,451.28
Movimiento Construye (CONSTRUYE),Facebook,2025-01-19,364.65
Movimiento Construye (CONSTRUYE),Facebook,2025-01-20,63.52
Movimiento Construye (CONSTRUYE),Facebook,2025-01-21,63.52
Movimiento Construye (CONSTRUYE),Facebook,2025-01-22,113.02
Movimiento Construye (CONSTRUYE),Facebook,2025-01-23,49.5
Movimiento Construye (CONSTRUYE),Instagram,2025-01-01,0.0
Movimiento Construye (CONSTRUYE),Instagram,2025-01-02,0.0
Movimiento Construye (CONSTRUYE),Instagram,2025-01-03,0.0
Movimiento Construye (CONSTRUYE),Instagram,2025-01-04,9.0
Movimiento Construye (CONSTRUYE),Instagram,2025-01-05,9.0
Movimiento Construye (CONSTRUYE),Instagram,2025-01-06,29.9
Movimiento Construye (CONSTRUYE),Instagram,2025-01-07,29.9
Movimiento Construye (CONSTRUYE),Instagram,2025-01-08,42.28
Movimiento Construye (CONSTRUYE),Instagram,2025-01-09,42.28
Movimiento Construye (CONSTRUYE),Instagram,2025-01-10,60.42
Movimiento Construye (CONSTRUYE),Instagram,2025-01-11,60.42
Movimiento Construye (CONSTRUYE),Instagram,2025-01-12,60.42
Movimiento Construye (CONSTRUYE),Instagram,2025-01-13,60.42
Movimiento Construye (CONSTRUYE),Instagram,2025-01-14,60.42
Movimiento Construye (CONSTRUYE),Instagram,2025-01-15,154.28
Movimiento Construye (CONSTRUYE),Instagram,2025-01-16,573.38
Movimiento Construye (CONSTRUYE),Instagram,2025-01-17,532.12
Movimiento Construye (CONSTRUYE),Instagram,2025-01-18,1383.52
Movimiento Construye (CONSTRUYE),Instagram,2025-01-19,1324.95
Movimiento Construye (CONSTRUYE),Instagram,2025-01-20,405.08
Movimiento Construye (CONSTRUYE),Instagram,2025-01-21,471.08
Movimiento Construye (CONSTRUYE),Instagram,2025-01-22,322.58
Movimiento Construye (CONSTRUYE),Instagram,2025-01-23,160.05
Movimiento Construye (CONSTRUYE),Tiktok,2025-01-01,0.0
Movimiento Construye (CONSTRUYE),Tiktok,2025-01-02,0.0
Movimiento Construye (CONSTRUYE),Tiktok,2025-01-03,0.0
Movimiento Construye (CONSTRUYE),Tiktok,2025-01-04,242.99
Movimiento Construye (CONSTRUYE),Tiktok,2025-01-05,58.19
Movimiento Construye (CONSTRUYE),Tiktok,2025-01-06,0.0
Movimiento Construye (CONSTRUYE),Tiktok,2025-01-07,220.0
Movimiento Construye (CONSTRUYE),Tiktok,2025-01-08,363.0
Movimiento Construye (CONSTRUYE),Tiktok,2025-01-09,618.65
Movimiento Construye (CONSTRUYE),Tiktok,2025-01-10,99.33
Movimiento Construye (CONSTRUYE),Tiktok,2025-01-11,326.26
Movimiento Construye (CONSTRUYE),Tiktok,2025-01-12,645.69
Movimiento Construye (CONSTRUYE),Tiktok,2025-01-13,0.0
Movimiento Construye (CONSTRUYE),Tiktok,2025-01-14,0.0
Movimiento Construye (CONSTRUYE),Tiktok,2025-01-15,74.24
Movimiento Construye (CONSTRUYE),Tiktok,2025-01-16,1112.0
Movimiento Construye (CONSTRUYE),Tiktok,2025-01-17,177.73
Movimiento Construye (CONSTRUYE),Tiktok,2025-01-18,426.1
Movimiento Construye (CONSTRUYE),Tiktok,2025-01-19,1885.88
Movimiento Construye (CONSTRUYE),Tiktok,2025-01-20,28.14
Movimiento Construye (CONSTRUYE),Tiktok,2025-01-21,21.06
Movimiento Construye (CONSTRUYE),Tiktok,2025-01-22,12.96
Movimiento Construye (CONSTRUYE),Tiktok,2025-01-23,0.0
Movimiento Construye (CONSTRUYE),X,2025-01-01,0.0
Movimiento Construye (CONSTRUYE),X,2025-01-02,0.0
Movimiento Construye (CONSTRUYE),X,2025-01-03,0.0
Movimiento Construye (CONSTRUYE),X,2025-01-04,0.0
Movimiento Construye (CONSTRUYE),X,2025-01-05,0.0
Movimiento Construye (CONSTRUYE),X,2025-01-06,0.0
Movimiento Construye (CONSTRUYE),X,2025-01-07,0.0
Movimiento Construye (CONSTRUYE),X,2025-01-08,0.0
Movimiento Construye (CONSTRUYE),X,2025-01-09,3.24
Movimiento Construye (CONSTRUYE),X,2025-01-10,0.0
Movimiento Construye (CONSTRUYE),X,2025-01-11,0.0
Movimiento Construye (CONSTRUYE),X,2025-01-12,0.0
Movimiento Construye (CONSTRUYE),X,2025-01-13,0.0
Movimiento Construye (CONSTRUYE),X,2025-01-14,0.0
Movimiento Construye (CONSTRUYE),X,2025-01-15,0.0
Movimiento Construye (CONSTRUYE),X,2025-01-16,0.0
Movimiento Construye (CONSTRUYE),X,2025-01-17,3.05
Movimiento Construye (CONSTRUYE),X,2025-01-18,0.0
Movimiento Construye (CONSTRUYE),X,2025-01-19,0.0
Movimiento Construye (CONSTRUYE),X,2025-01-20,0.0
Movimiento Construye (CONSTRUYE),X,2025-01-21,0.0
Movimiento Construye (CONSTRUYE),X,2025-01-22,0.62
Movimiento Construye (CONSTRUYE),X,2025-01-23,0.0
Movimiento Creando Oportunidades (CREO),Facebook,2025-01-01,215.17
Movimiento Creando Oportunidades (CREO),Facebook,2025-01-02,0.0
Movimiento Creando Oportunidades (CREO),Facebook,2025-01-03,0.0
Movimiento Creando Oportunidades (CREO),Facebook,2025-01-04,0.0
Movimiento Creando Oportunidades (CREO),Facebook,2025-01-05,120.0
Movimiento Creando Oportunidades (CREO),Facebook,2025-01-06,120.0
Movimiento Creando Oportunidades (CREO),Facebook,2025-01-07,668.75
Movimiento Creando Oportunidades (CREO),Facebook,2025-01-08,755.35
Movimiento Creando Oportunidades (CREO),Facebook,2025-01-09,668.72
Movimiento Creando Oportunidades (CREO),Facebook,2025-01-10,668.72
Movimiento Creando Oportunidades (CREO),Facebook,2025-01-11,668.72
Movimiento Creando Oportunidades (CREO),Facebook,2025-01-12,1702.71
Movimiento Creando Oportunidades (CREO),Facebook,2025-01-13,1152.9
Movimiento Creando Oportunidades (CREO),Facebook,2025-01-14,1169.73
Movimiento Creando Oportunidades (CREO),Facebook,2025-01-15,1443.31
Movimiento Creando Oportunidades (CREO),Facebook,2025-01-16,1418.56
Movimiento Creando Oportunidades (CREO),Facebook,2025-01-17,1250.31
Movimiento Creando Oportunidades (CREO),Facebook,2025-01-18,1544.87
Movimiento Creando Oportunidades (CREO),Facebook,2025-01-19,1420.52
Movimiento Creando Oportunidades (CREO),Facebook,2025-01-20,311.8
Movimiento Creando Oportunidades (CREO),Facebook,2025-01-21,460.97
Movimiento Creando Oportunidades (CREO),Facebook,2025-01-22,460.97
Movimiento Creando Oportunidades (CREO),Facebook,2025-01-23,431.07
Movimiento Creando Oportunidades (CREO),Instagram,2025-01-01,215.17
Movimiento Creando Oportunidades (CREO),Instagram,2025-01-02,0.0
Movimiento Creando Oportunidades (CREO),Instagram,2025-01-03,0.0
Movimiento Creando Oportunidades (CREO),Instagram,2025-01-04,0.0
Movimiento Creando Oportunidades (CREO),Instagram,2025-01-05,37.25
Movimiento Creando Oportunidades (CREO),Instagram,2025-01-06,37.25
Movimiento Creando Oportunidades (CREO),Instagram,2025-01-07,286.67
Movimiento Creando Oportunidades (CREO),Instagram,2025-01-08,326.47
Movimiento Creando Oportunidades (CREO),Instagram,2025-01-09,289.34
Movimiento Creando Oportunidades (CREO),Instagram,2025-01-10,289.34
Movimiento Creando Oportunidades (CREO),Instagram,2025-01-11,289.34
Movimiento Creando Oportunidades (CREO),Instagram,2025-01-12,1273.83
Movimiento Creando Oportunidades (CREO),Instagram,2025-01-13,1053.65
Movimiento Creando Oportunidades (CREO),Instagram,2025-01-14,1119.98
Movimiento Creando Oportunidades (CREO),Instagram,2025-01-15,1202.98
Movimiento Creando Oportunidades (CREO),Instagram,2025-01-16,1178.23
Movimiento Creando Oportunidades (CREO),Instagram,2025-01-17,1059.72
Movimiento Creando Oportunidades (CREO),Instagram,2025-01-18,1320.96
Movimiento Creando Oportunidades (CREO),Instagram,2025-01-19,1301.06
Movimiento Creando Oportunidades (CREO),Instagram,2025-01-20,192.33
Movimiento Creando Oportunidades (CREO),Instagram,2025-01-21,275.17
Movimiento Creando Oportunidades (CREO),Instagram,2025-01-22,275.17
Movimiento Creando Oportunidades (CREO),Instagram,2025-01-23,245.27
Movimiento Creando Oportunidades (CREO),Tiktok,2025-01-01,0.0
Movimiento Creando Oportunidades (CREO),Tiktok,2025-01-02,0.0
Movimiento Creando Oportunidades (CREO),Tiktok,2025-01-03,0.0
Movimiento Creando Oportunidades (CREO),Tiktok,2025-01-04,0.0
Movimiento Creando Oportunidades (CREO),Tiktok,2025-01-05,2080.0
Movimiento Creando Oportunidades (CREO),Tiktok,2025-01-06,8607.5
Movimiento Creando Oportunidades (CREO),Tiktok,2025-01-07,1556.5
Movimiento Creando Oportunidades (CREO),Tiktok,2025-01-08,993.52
Movimiento Creando Oportunidades (CREO),Tiktok,2025-01-09,377.2
Movimiento Creando Oportunidades (CREO),Tiktok,2025-01-10,0.0
Movimiento Creando Oportunidades (CREO),Tiktok,2025-01-11,3267.0
Movimiento Creando Oportunidades (CREO),Tiktok,2025-01-12,6740.0
Movimiento Creando Oportunidades (CREO),Tiktok,2025-01-13,1070.0
Movimiento Creando Oportunidades (CREO),Tiktok,2025-01-14,0.0
Movimiento Creando Oportunidades (CREO),Tiktok,2025-01-15,0.0
Movimiento Creando Oportunidades (CREO),Tiktok,2025-01-16,0.0
Movimiento Creando Oportunidades (CREO),Tiktok,2025-01-17,2085.0
Movimiento Creando Oportunidades (CREO),Tiktok,2025-01-18,880.0
Movimiento Creando Oportunidades (CREO),Tiktok,2025-01-19,0.0
Movimiento Creando Oportunidades (CREO),Tiktok,2025-01-20,0.0
Movimiento Creando Oportunidades (CREO),Tiktok,2025-01-21,205.8
Movimiento Creando Oportunidades (CREO),Tiktok,2025-01-22,14.18
Movimiento Creando Oportunidades (CREO),Tiktok,2025-01-23,0.0
Movimiento Creando Oportunidades (CREO),X,2025-01-01,0.0
Movimiento Creando Oportunidades (CREO),X,2025-01-02,0.0
Movimiento Creando Oportunidades (CREO),X,2025-01-03,0.0
Movimiento Creando Oportunidades (CREO),X,2025-01-04,0.0
Movimiento Creando Oportunidades (CREO),X,2025-01-05,0.0
Movimiento Creando Oportunidades (CREO),X,2025-01-06,0.0
Movimiento Creando Oportunidades (CREO),X,2025-01-07,0.0
Movimiento Creando Oportunidades (CREO),X,2025-01-08,0.0
Movimiento Creando Oportunidades (CREO),X,2025-01-09,0.0
Movimiento Creando Oportunidades (CREO),X,2025-01-10,0.0
Movimiento Creando Oportunidades (CREO),X,2025-01-11,0.0
Movimiento Creando Oportunidades (CREO),X,2025-01-12,0.15
Movimiento Creando Oportunidades (CREO),X,2025-01-13,8.1
Movimiento Creando Oportunidades (CREO),X,2025-01-14,0.0
Movimiento Creando Oportunidades (CREO),X,2025-01-15,58.9
Movimiento Creando Oportunidades (CREO),X,2025-01-16,0.0
Movimiento Creando Oportunidades (CREO),X,2025-01-17,0.9
Movimiento Creando Oportunidades (CREO),X,2025-01-18,5.7
Movimiento Creando Oportunidades (CREO),X,2025-01-19,0.0
Movimiento Creando Oportunidades (CREO),X,2025-01-20,0.0
Movimiento Creando Oportunidades (CREO),X,2025-01-21,0.0
Movimiento Creando Oportunidades (CREO),X,2025-01-22,0.0
Movimiento Creando Oportunidades (CREO),X,2025-01-23,0.0
Movimiento De Unidad Plurinacional PACHAKUTIK (MUPP),Facebook,2025-01-01,0.0
Movimiento De Unidad Plurinacional PACHAKUTIK (MUPP),Facebook,2025-01-02,0.0
Movimiento De Unidad Plurinacional PACHAKUTIK (MUPP),Facebook,2025-01-03,0.0
Movimiento De Unidad Plurinacional PACHAKUTIK (MUPP),Facebook,2025-01-04,0.0
Movimiento De Unidad Plurinacional PACHAKUTIK (MUPP),Facebook,2025-01-05,0.0
Movimiento De Unidad Plurinacional PACHAKUTIK (MUPP),Facebook,2025-01-06,0.0
Movimiento De Unidad Plurinacional PACHAKUTIK (MUPP),Facebook,2025-01-07,0.0
Movimiento De Unidad Plurinacional PACHAKUTIK (MUPP),Facebook,2025-01-08,12.38
Movimiento De Unidad Plurinacional PACHAKUTIK (MUPP),Facebook,2025-01-09,12.38
Movimiento De Unidad Plurinacional PACHAKUTIK (MUPP),Facebook,2025-01-10,23.43
Movimiento De Unidad Plurinacional PACHAKUTIK (MUPP),Facebook,2025-01-11,73.37
Movimiento De Unidad Plurinacional PACHAKUTIK (MUPP),Facebook,2025-01-12,77.49
Movimiento De Unidad Plurinacional PACHAKUTIK (MUPP),Facebook,2025-01-13,77.49
Movimiento De Unidad Plurinacional PACHAKUTIK (MUPP),Facebook,2025-01-14,77.49
Movimiento De Unidad Plurinacional PACHAKUTIK (MUPP),Facebook,2025-01-15,70.89
Movimiento De Unidad Plurinacional PACHAKUTIK (MUPP),Facebook,2025-01-16,87.39
Movimiento De Unidad Plurinacional PACHAKUTIK (MUPP),Facebook,2025-01-17,99.77
Movimiento De Unidad Plurinacional PACHAKUTIK (MUPP),Facebook,2025-01-18,99.77
Movimiento De Unidad Plurinacional PACHAKUTIK (MUPP),Facebook,2025-01-19,44.55
Movimiento De Unidad Plurinacional PACHAKUTIK (MUPP),Facebook,2025-01-20,34.65
Movimiento De Unidad Plurinacional PACHAKUTIK (MUPP),Facebook,2025-01-21,22.28
Movimiento De Unidad Plurinacional PACHAKUTIK (MUPP),Facebook,2025-01-22,22.28
Movimiento De Unidad Plurinacional PACHAKUTIK (MUPP),Facebook,2025-01-23,9.9
Movimiento De Unidad Plurinacional PACHAKUTIK (MUPP),Instagram,2025-01-01,0.0
Movimiento De Unidad Plurinacional PACHAKUTIK (MUPP),Instagram,2025-01-02,0.0
Movimiento De Unidad Plurinacional PACHAKUTIK (MUPP),Instagram,2025-01-03,0.0
Movimiento De Unidad Plurinacional PACHAKUTIK (MUPP),Instagram,2025-01-04,0.0
Movimiento De Unidad Plurinacional PACHAKUTIK (MUPP),Instagram,2025-01-05,0.0
Movimiento De Unidad Plurinacional PACHAKUTIK (MUPP),Instagram,2025-01-06,0.0
Movimiento De Unidad Plurinacional PACHAKUTIK (MUPP),Instagram,2025-01-07,0.0
Movimiento De Unidad Plurinacional PACHAKUTIK (MUPP),Instagram,2025-01-08,12.38
Movimiento De Unidad Plurinacional PACHAKUTIK (MUPP),Instagram,2025-01-09,12.38
Movimiento De Unidad Plurinacional PACHAKUTIK (MUPP),Instagram,2025-01-10,23.43
Movimiento De Unidad Plurinacional PACHAKUTIK (MUPP),Instagram,2025-01-11,73.37
Movimiento De Unidad Plurinacional PACHAKUTIK (MUPP),Instagram,2025-01-12,77.49
Movimiento De Unidad Plurinacional PACHAKUTIK (MUPP),Instagram,2025-01-13,77.49
Movimiento De Unidad Plurinacional PACHAKUTIK (MUPP),Instagram,2025-01-14,77.49
Movimiento De Unidad Plurinacional PACHAKUTIK (MUPP),Instagram,2025-01-15,70.89
Movimiento De Unidad Plurinacional PACHAKUTIK (MUPP),Instagram,2025-01-16,87.39
Movimiento De Unidad Plurinacional PACHAKUTIK (MUPP),Instagram,2025-01-17,99.77
Movimiento De Unidad Plurinacional PACHAKUTIK (MUPP),Instagram,2025-01-18,99.77
Movimiento De Unidad Plurinacional PACHAKUTIK (MUPP),Instagram,2025-01-19,44.55
Movimiento De Unidad Plurinacional PACHAKUTIK (MUPP),Instagram,2025-01-20,34.65
Movimiento De Unidad Plurinacional PACHAKUTIK (MUPP),Instagram,2025-01-21,22.28
Movimiento De Unidad Plurinacional PACHAKUTIK (MUPP),Instagram,2025-01-22,22.28
Movimiento De Unidad Plurinacional PACHAKUTIK (MUPP),Instagram,2025-01-23,9.9
Movimiento De Unidad Plurinacional PACHAKUTIK (MUPP),Tiktok,2025-01-01,0.0
Movimiento De Unidad Plurinacional PACHAKUTIK (MUPP),Tiktok,2025-01-02,0.0
Movimiento De Unidad Plurinacional PACHAKUTIK (MUPP),Tiktok,2025-01-03,0.0
Movimiento De Unidad Plurinacional PACHAKUTIK (MUPP),Tiktok,2025-01-04,0.0
Movimiento De Unidad Plurinacional PACHAKUTIK (MUPP),Tiktok,2025-01-05,0.0
Movimiento De Unidad Plurinacional PACHAKUTIK (MUPP),Tiktok,2025-01-06,1001.0
Movimiento De Unidad Plurinacional PACHAKUTIK (MUPP),Tiktok,2025-01-07,5835.0
Movimiento De Unidad Plurinacional PACHAKUTIK (MUPP),Tiktok,2025-01-08,2125.25
Movimiento De Unidad Plurinacional PACHAKUTIK (MUPP),Tiktok,2025-01-09,0.0
Movimiento De Unidad Plurinacional PACHAKUTIK (MUPP),Tiktok,2025-01-10,3223.0
Movimiento De Unidad Plurinacional PACHAKUTIK (MUPP),Tiktok,2025-01-11,3432.0
Movimiento De Unidad Plurinacional PACHAKUTIK (MUPP),Tiktok,2025-01-12,399.63
Movimiento De Unidad Plurinacional PACHAKUTIK (MUPP),Tiktok,2025-01-13,897.72
Movimiento De Unidad Plurinacional PACHAKUTIK (MUPP),Tiktok,2025-01-14,7839.0
Movimiento De Unidad Plurinacional PACHAKUTIK (MUPP),Tiktok,2025-01-15,0.0
Movimiento De Unidad Plurinacional PACHAKUTIK (MUPP),Tiktok,2025-01-16,4508.0
Movimiento De Unidad Plurinacional PACHAKUTIK (MUPP),Tiktok,2025-01-17,7308.0
Movimiento De Unidad Plurinacional PACHAKUTIK (MUPP),Tiktok,2025-01-18,7032.5
Movimiento De Unidad Plurinacional PACHAKUTIK (MUPP),Tiktok,2025-01-19,7566.0
Movimiento De Unidad Plurinacional PACHAKUTIK (MUPP),Tiktok,2025-01-20,2990.0
Movimiento De Unidad Plurinacional PACHAKUTIK (MUPP),Tiktok,2025-01-21,0.0
Movimiento De Unidad Plurinacional PACHAKUTIK (MUPP),Tiktok,2025-01-22,776.0
Movimiento De Unidad Plurinacional PACHAKUTIK (MUPP),Tiktok,2025-01-23,0.0
Movimiento De Unidad Plurinacional PACHAKUTIK (MUPP),X,2025-01-01,0.0
Movimiento De Unidad Plurinacional PACHAKUTIK (MUPP),X,2025-01-02,0.0
Movimiento De Unidad Plurinacional PACHAKUTIK (MUPP),X,2025-01-03,0.0
Movimiento De Unidad Plurinacional PACHAKUTIK (MUPP),X,2025-01-04,0.0
Movimiento De Unidad Plurinacional PACHAKUTIK (MUPP),X,2025-01-05,0.0
Movimiento De Unidad Plurinacional PACHAKUTIK (MUPP),X,2025-01-06,0.0
Movimiento De Unidad Plurinacional PACHAKUTIK (MUPP),X,2025-01-07,0.0
Movimiento De Unidad Plurinacional PACHAKUTIK (MUPP),X,2025-01-08,0.0
Movimiento De Unidad Plurinacional PACHAKUTIK (MUPP),X,2025-01-09,0.0
Movimiento De Unidad Plurinacional PACHAKUTIK (MUPP),X,2025-01-10,0.0
Movimiento De Unidad Plurinacional PACHAKUTIK (MUPP),X,2025-01-11,2841.33
Movimiento De Unidad Plurinacional PACHAKUTIK (MUPP),X,2025-01-12,0.0
Movimiento De Unidad Plurinacional PACHAKUTIK (MUPP),X,2025-01-13,0.0
Movimiento De Unidad Plurinacional PACHAKUTIK (MUPP),X,2025-01-14,0.0
Movimiento De Unidad Plurinacional PACHAKUTIK (MUPP),X,2025-01-15,0.0
Movimiento De Unidad Plurinacional PACHAKUTIK (MUPP),X,2025-01-16,0.0
Movimiento De Unidad Plurinacional PACHAKUTIK (MUPP),X,2025-01-17,0.0
Movimiento De Unidad Plurinacional PACHAKUTIK (MUPP),X,2025-01-18,0.0
Movimiento De Unidad Plurinacional PACHAKUTIK (MUPP),X,2025-01-19,0.0
Movimiento De Unidad Plurinacional PACHAKUTIK (MUPP),X,2025-01-20,0.0
Movimiento De Unidad Plurinacional PACHAKUTIK (MUPP),X,2025-01-21,0.0
Movimiento De Unidad Plurinacional PACHAKUTIK (MUPP),X,2025-01-22,0.0
Movimiento De Unidad Plurinacional PACHAKUTIK (MUPP),X,2025-01-23,0.0
Movimiento Democracia Sí (DSI),Facebook,2025-01-01,0.0
Movimiento Democracia Sí (DSI),Facebook,2025-01-02,0.0
Movimiento Democracia Sí (DSI),Facebook,2025-01-03,0.0
Movimiento Democracia Sí (DSI),Facebook,2025-01-04,0.0
Movimiento Democracia Sí (DSI),Facebook,2025-01-05,0.0
Movimiento Democracia Sí (DSI),Facebook,2025-01-06,0.0
Movimiento Democracia Sí (DSI),Facebook,2025-01-07,0.0
Movimiento Democracia Sí (DSI),Facebook,2025-01-08,0.0
Movimiento Democracia Sí (DSI),Facebook,2025-01-09,0.0
Movimiento Democracia Sí (DSI),Facebook,2025-01-10,0.0
Movimiento Democracia Sí (DSI),Facebook,2025-01-11,0.0
Movimiento Democracia Sí (DSI),Facebook,2025-01-12,0.0
Movimiento Democracia Sí (DSI),Facebook,2025-01-13,0.0
Movimiento Democracia Sí (DSI),Facebook,2025-01-14,0.0
Movimiento Democracia Sí (DSI),Facebook,2025-01-15,0.0
Movimiento Democracia Sí (DSI),Facebook,2025-01-16,0.0
Movimiento Democracia Sí (DSI),Facebook,2025-01-17,0.0
Movimiento Democracia Sí (DSI),Facebook,2025-01-18,0.0
Movimiento Democracia Sí (DSI),Facebook,2025-01-19,0.0
Movimiento Democracia Sí (DSI),Facebook,2025-01-20,0.0
Movimiento Democracia Sí (DSI),Facebook,2025-01-21,0.0
Movimiento Democracia Sí (DSI),Facebook,2025-01-22,0.0
Movimiento Democracia Sí (DSI),Facebook,2025-01-23,0.0
Movimiento Democracia Sí (DSI),Instagram,2025-01-01,0.0
Movimiento Democracia Sí (DSI),Instagram,2025-01-02,0.0
Movimiento Democracia Sí (DSI),Instagram,2025-01-03,0.0
Movimiento Democracia Sí (DSI),Instagram,2025-01-04,0.0
Movimiento Democracia Sí (DSI),Instagram,2025-01-05,0.0
Movimiento Democracia Sí (DSI),Instagram,2025-01-06,0.0
Movimiento Democracia Sí (DSI),Instagram,2025-01-07,0.0
Movimiento Democracia Sí (DSI),Instagram,2025-01-08,0.0
Movimiento Democracia Sí (DSI),Instagram,2025-01-09,0.0
Movimiento Democracia Sí (DSI),Instagram,2025-01-10,0.0
Movimiento Democracia Sí (DSI),Instagram,2025-01-11,0.0
Movimiento Democracia Sí (DSI),Instagram,2025-01-12,0.0
Movimiento Democracia Sí (DSI),Instagram,2025-01-13,0.0
Movimiento Democracia Sí (DSI),Instagram,2025-01-14,0.0
Movimiento Democracia Sí (DSI),Instagram,2025-01-15,0.0
Movimiento Democracia Sí (DSI),Instagram,2025-01-16,0.0
Movimiento Democracia Sí (DSI),Instagram,2025-01-17,0.0
Movimiento Democracia Sí (DSI),Instagram,2025-01-18,0.0
Movimiento Democracia Sí (DSI),Instagram,2025-01-19,0.0
Movimiento Democracia Sí (DSI),Instagram,2025-01-20,0.0
Movimiento Democracia Sí (DSI),Instagram,2025-01-21,0.0
Movimiento Democracia Sí (DSI),Instagram,2025-01-22,0.0
Movimiento Democracia Sí (DSI),Instagram,2025-01-23,0.0
Movimiento Democracia Sí (DSI),Tiktok,2025-01-01,0.0
Movimiento Democracia Sí (DSI),Tiktok,2025-01-02,0.0
Movimiento Democracia Sí (DSI),Tiktok,2025-01-03,0.0
Movimiento Democracia Sí (DSI),Tiktok,2025-01-04,2641.0
Movimiento Democracia Sí (DSI),Tiktok,2025-01-05,0.0
Movimiento Democracia Sí (DSI),Tiktok,2025-01-06,99.55
Movimiento Democracia Sí (DSI),Tiktok,2025-01-07,220.3
Movimiento Democracia Sí (DSI),Tiktok,2025-01-08,1278.42
Movimiento Democracia Sí (DSI),Tiktok,2025-01-09,51.81
Movimiento Democracia Sí (DSI),Tiktok,2025-01-10,590.43
Movimiento Democracia Sí (DSI),Tiktok,2025-01-11,758.89
Movimiento Democracia Sí (DSI),Tiktok,2025-01-12,411.03
Movimiento Democracia Sí (DSI),Tiktok,2025-01-13,246.31
Movimiento Democracia Sí (DSI),Tiktok,2025-01-14,195.66
Movimiento Democracia Sí (DSI),Tiktok,2025-01-15,0.0
Movimiento Democracia Sí (DSI),Tiktok,2025-01-16,0.0
Movimiento Democracia Sí (DSI),Tiktok,2025-01-17,182.28
Movimiento Democracia Sí (DSI),Tiktok,2025-01-18,0.0
Movimiento Democracia Sí (DSI),Tiktok,2025-01-19,287.64
Movimiento Democracia Sí (DSI),Tiktok,2025-01-20,262.62
Movimiento Democracia Sí (DSI),Tiktok,2025-01-21,0.0
Movimiento Democracia Sí (DSI),Tiktok,2025-01-22,3.32
Movimiento Democracia Sí (DSI),Tiktok,2025-01-23,0.0
Movimiento Democracia Sí (DSI),X,2025-01-01,0.0
Movimiento Democracia Sí (DSI),X,2025-01-02,0.0
Movimiento Democracia Sí (DSI),X,2025-01-03,0.0
Movimiento Democracia Sí (DSI),X,2025-01-04,0.0
Movimiento Democracia Sí (DSI),X,2025-01-05,0.0
Movimiento Democracia Sí (DSI),X,2025-01-06,2.0
Movimiento Democracia Sí (DSI),X,2025-01-07,0.0
Movimiento Democracia Sí (DSI),X,2025-01-08,0.0
Movimiento Democracia Sí (DSI),X,2025-01-09,0.0
Movimiento Democracia Sí (DSI),X,2025-01-10,0.0
Movimiento Democracia Sí (DSI),X,2025-01-11,0.0
Movimiento Democracia Sí (DSI),X,2025-01-12,0.0
Movimiento Democracia Sí (DSI),X,2025-01-13,10.0
Movimiento Democracia Sí (DSI),X,2025-01-14,1.9
Movimiento Democracia Sí (DSI),X,2025-01-15,19.1
Movimiento Democracia Sí (DSI),X,2025-01-16,0.0
Movimiento Democracia Sí (DSI),X,2025-01-17,22.0
Movimiento Democracia Sí (DSI),X,2025-01-18,0.0
Movimiento Democracia Sí (DSI),X,2025-01-19,221.8
Movimiento Democracia Sí (DSI),X,2025-01-20,153.08
Movimiento Democracia Sí (DSI),X,2025-01-21,3.11
Movimiento Democracia Sí (DSI),X,2025-01-22,3.46
Movimiento Democracia Sí (DSI),X,2025-01-23,0.0
Movimiento Pueblo Igualdad Democracia (PID),Facebook,2025-01-01,0.0
Movimiento Pueblo Igualdad Democracia (PID),Facebook,2025-01-02,0.0
Movimiento Pueblo Igualdad Democracia (PID),Facebook,2025-01-03,0.0
Movimiento Pueblo Igualdad Democracia (PID),Facebook,2025-01-04,0.0
Movimiento Pueblo Igualdad Democracia (PID),Facebook,2025-01-05,0.0
Movimiento Pueblo Igualdad Democracia (PID),Facebook,2025-01-06,0.0
Movimiento Pueblo Igualdad Democracia (PID),Facebook,2025-01-07,0.0
Movimiento Pueblo Igualdad Democracia (PID),Facebook,2025-01-08,0.0
Movimiento Pueblo Igualdad Democracia (PID),Facebook,2025-01-09,0.0
Movimiento Pueblo Igualdad Democracia (PID),Facebook,2025-01-10,0.0
Movimiento Pueblo Igualdad Democracia (PID),Facebook,2025-01-11,0.0
Movimiento Pueblo Igualdad Democracia (PID),Facebook,2025-01-12,0.0
Movimiento Pueblo Igualdad Democracia (PID),Facebook,2025-01-13,0.0
Movimiento Pueblo Igualdad Democracia (PID),Facebook,2025-01-14,0.0
Movimiento Pueblo Igualdad Democracia (PID),Facebook,2025-01-15,0.0
Movimiento Pueblo Igualdad Democracia (PID),Facebook,2025-01-16,0.0
Movimiento Pueblo Igualdad Democracia (PID),Facebook,2025-01-17,0.0
Movimiento Pueblo Igualdad Democracia (PID),Facebook,2025-01-18,0.0
Movimiento Pueblo Igualdad Democracia (PID),Facebook,2025-01-19,0.0
Movimiento Pueblo Igualdad Democracia (PID),Facebook,2025-01-20,0.0
Movimiento Pueblo Igualdad Democracia (PID),Facebook,2025-01-21,0.0
Movimiento Pueblo Igualdad Democracia (PID),Facebook,2025-01-22,0.0
Movimiento Pueblo Igualdad Democracia (PID),Facebook,2025-01-23,0.0
Movimiento Pueblo Igualdad Democracia (PID),Instagram,2025-01-01,0.0
Movimiento Pueblo Igualdad Democracia (PID),Instagram,2025-01-02,0.0
Movimiento Pueblo Igualdad Democracia (PID),Instagram,2025-01-03,0.0
Movimiento Pueblo Igualdad Democracia (PID),Instagram,2025-01-04,0.0
Movimiento Pueblo Igualdad Democracia (PID),Instagram,2025-01-05,0.0
Movimiento Pueblo Igualdad Democracia (PID),Instagram,2025-01-06,0.0
Movimiento Pueblo Igualdad Democracia (PID),Instagram,2025-01-07,0.0
Movimiento Pueblo Igualdad Democracia (PID),Instagram,2025-01-08,0.0
Movimiento Pueblo Igualdad Democracia (PID),Instagram,2025-01-09,0.0
Movimiento Pueblo Igualdad Democracia (PID),Instagram,2025-01-10,0.0
Movimiento Pueblo Igualdad Democracia (PID),Instagram,2025-01-11,0.0
Movimiento Pueblo Igualdad Democracia (PID),Instagram,2025-01-12,0.0
Movimiento Pueblo Igualdad Democracia (PID),Instagram,2025-01-13,0.0
Movimiento Pueblo Igualdad Democracia (PID),Instagram,2025-01-14,0.0
Movimiento Pueblo Igualdad Democracia (PID),Instagram,2025-01-15,0.0
Movimiento Pueblo Igualdad Democracia (PID),Instagram,2025-01-16,0.0
Movimiento Pueblo Igualdad Democracia (PID),Instagram,2025-01-17,0.0
Movimiento Pueblo Igualdad Democracia (PID),Instagram,2025-01-18,0.0
Movimiento Pueblo Igualdad Democracia (PID),Instagram,2025-01-19,0.0
Movimiento Pueblo Igualdad Democracia (PID),Instagram,2025-01-20,0.0
Movimiento Pueblo Igualdad Democracia (PID),Instagram,2025-01-21,0.0
Movimiento Pueblo Igualdad Democracia (PID),Instagram,2025-01-22,0.0
Movimiento Pueblo Igualdad Democracia (PID),Instagram,2025-01-23,0.0
Movimiento Pueblo Igualdad Democracia (PID),Tiktok,2025-01-01,0.0
Movimiento Pueblo Igualdad Democracia (PID),Tiktok,2025-01-02,0.0
Movimiento Pueblo Igualdad Democracia (PID),Tiktok,2025-01-03,0.0
Movimiento Pueblo Igualdad Democracia (PID),Tiktok,2025-01-04,0.0
Movimiento Pueblo Igualdad Democracia (PID),Tiktok,2025-01-05,249.1
Movimiento Pueblo Igualdad Democracia (PID),Tiktok,2025-01-06,711.94
Movimiento Pueblo Igualdad Democracia (PID),Tiktok,2025-01-07,0.0
Movimiento Pueblo Igualdad Democracia (PID),Tiktok,2025-01-08,432.3
Movimiento Pueblo Igualdad Democracia (PID),Tiktok,2025-01-09,753.5
Movimiento Pueblo Igualdad Democracia (PID),Tiktok,2025-01-10,2108.15
Movimiento Pueblo Igualdad Democracia (PID),Tiktok,2025-01-11,0.0
Movimiento Pueblo Igualdad Democracia (PID),Tiktok,2025-01-12,66.99
Movimiento Pueblo Igualdad Democracia (PID),Tiktok,2025-01-13,0.0
Movimiento Pueblo Igualdad Democracia (PID),Tiktok,2025-01-14,45000.0
Movimiento Pueblo Igualdad Democracia (PID),Tiktok,2025-01-15,616.5
Movimiento Pueblo Igualdad Democracia (PID),Tiktok,2025-01-16,0.0
Movimiento Pueblo Igualdad Democracia (PID),Tiktok,2025-01-17,0.0
Movimiento Pueblo Igualdad Democracia (PID),Tiktok,2025-01-18,0.0
Movimiento Pueblo Igualdad Democracia (PID),Tiktok,2025-01-19,3439.96
Movimiento Pueblo Igualdad Democracia (PID),Tiktok,2025-01-20,0.0
Movimiento Pueblo Igualdad Democracia (PID),Tiktok,2025-01-21,109.24
Movimiento Pueblo Igualdad Democracia (PID),Tiktok,2025-01-22,145.71
Movimiento Pueblo Igualdad Democracia (PID),Tiktok,2025-01-23,13.82
Movimiento Pueblo Igualdad Democracia (PID),X,2025-01-01,0.0
Movimiento Pueblo Igualdad Democracia (PID),X,2025-01-02,0.0
Movimiento Pueblo Igualdad Democracia (PID),X,2025-01-03,0.0
Movimiento Pueblo Igualdad Democracia (PID),X,2025-01-04,0.0
Movimiento Pueblo Igualdad Democracia (PID),X,2025-01-05,0.0
Movimiento Pueblo Igualdad Democracia (PID),X,2025-01-06,0.0
Movimiento Pueblo Igualdad Democracia (PID),X,2025-01-07,0.0
Movimiento Pueblo Igualdad Democracia (PID),X,2025-01-08,0.0
Movimiento Pueblo Igualdad Democracia (PID),X,2025-01-09,0.0
Movimiento Pueblo Igualdad Democracia (PID),X,2025-01-10,0.0
Movimiento Pueblo Igualdad Democracia (PID),X,2025-01-11,0.0
Movimiento Pueblo Igualdad Democracia (PID),X,2025-01-12,0.0
Movimiento Pueblo Igualdad Democracia (PID),X,2025-01-13,0.0
Movimiento Pueblo Igualdad Democracia (PID),X,2025-01-14,0.0
Movimiento Pueblo Igualdad Democracia (PID),X,2025-01-15,0.0
Movimiento Pueblo Igualdad Democracia (PID),X,2025-01-16,0.0
Movimiento Pueblo Igualdad Democracia (PID),X,2025-01-17,0.0
Movimiento Pueblo Igualdad Democracia (PID),X,2025-01-18,0.0
Movimiento Pueblo Igualdad Democracia (PID),X,2025-01-19,26.16
Movimiento Pueblo Igualdad Democracia (PID),X,2025-01-20,0.0
Movimiento Pueblo Igualdad Democracia (PID),X,2025-01-21,0.0
Movimiento Pueblo Igualdad Democracia (PID),X,2025-01-22,0.0
Movimiento Pueblo Igualdad Democracia (PID),X,2025-01-23,0.0
Partido Avanza (AVANZA),Facebook,2025-01-01,0.0
Partido Avanza (AVANZA),Facebook,2025-01-02,0.0
Partido Avanza (AVANZA),Facebook,2025-01-03,0.0
Partido Avanza (AVANZA),Facebook,2025-01-04,0.0
Partido Avanza (AVANZA),Facebook,2025-01-05,0.0
Partido Avanza (AVANZA),Facebook,2025-01-06,0.0
Partido Avanza (AVANZA),Facebook,2025-01-07,0.0
Partido Avanza (AVANZA),Facebook,2025-01-08,0.0
Partido Avanza (AVANZA),Facebook,2025-01-09,0.0
Partido Avanza (AVANZA),Facebook,2025-01-10,0.0
Partido Avanza (AVANZA),Facebook,2025-01-11,0.0
Partido Avanza (AVANZA),Facebook,2025-01-12,0.0
Partido Avanza (AVANZA),Facebook,2025-01-13,0.0
Partido Avanza (AVANZA),Facebook,2025-01-14,0.0
Partido Avanza (AVANZA),Facebook,2025-01-15,0.0
Partido Avanza (AVANZA),Facebook,2025-01-16,0.0
Partido Avanza (AVANZA),Facebook,2025-01-17,0.0
Partido Avanza (AVANZA),Facebook,2025-01-18,0.0
Partido Avanza (AVANZA),Facebook,2025-01-19,0.0
Partido Avanza (AVANZA),Facebook,2025-01-20,0.0
Partido Avanza (AVANZA),Facebook,2025-01-21,0.0
Partido Avanza (AVANZA),Facebook,2025-01-22,0.0
Partido Avanza (AVANZA),Facebook,2025-01-23,0.0
Partido Avanza (AVANZA),Instagram,2025-01-01,0.0
Partido Avanza (AVANZA),Instagram,2025-01-02,0.0
Partido Avanza (AVANZA),Instagram,2025-01-03,0.0
Partido Avanza (AVANZA),Instagram,2025-01-04,0.0
Partido Avanza (AVANZA),Instagram,2025-01-05,0.0
Partido Avanza (AVANZA),Instagram,2025-01-06,0.0
Partido Avanza (AVANZA),Instagram,2025-01-07,0.0
Partido Avanza (AVANZA),Instagram,2025-01-08,0.0
Partido Avanza (AVANZA),Instagram,2025-01-09,0.0
Partido Avanza (AVANZA),Instagram,2025-01-10,0.0
Partido Avanza (AVANZA),Instagram,2025-01-11,0.0
Partido Avanza (AVANZA),Instagram,2025-01-12,0.0
Partido Avanza (AVANZA),Instagram,2025-01-13,0.0
Partido Avanza (AVANZA),Instagram,2025-01-14,0.0
Partido Avanza (AVANZA),Instagram,2025-01-15,0.0
Partido Avanza (AVANZA),Instagram,2025-01-16,0.0
Partido Avanza (AVANZA),Instagram,2025-01-17,0.0
Partido Avanza (AVANZA),Instagram,2025-01-18,0.0
Partido Avanza (AVANZA),Instagram,2025-01-19,0.0
Partido Avanza (AVANZA),Instagram,2025-01-20,0.0
Partido Avanza (AVANZA),Instagram,2025-01-21,0.0
Partido Avanza (AVANZA),Instagram,2025-01-22,0.0
Partido Avanza (AVANZA),Instagram,2025-01-23,0.0
Partido Avanza (AVANZA),Tiktok,2025-01-01,0.0
Partido Avanza (AVANZA),Tiktok,2025-01-02,0.0
Partido Avanza (AVANZA),Tiktok,2025-01-03,990.0
Partido Avanza (AVANZA),Tiktok,2025-01-04,1105.39
Partido Avanza (AVANZA),Tiktok,2025-01-05,2706.44
Partido Avanza (AVANZA),Tiktok,2025-01-06,13982.0
Partido Avanza (AVANZA),Tiktok,2025-01-07,0.0
Partido Avanza (AVANZA),Tiktok,2025-01-08,5113.0
Partido Avanza (AVANZA),Tiktok,2025-01-09,4897.0
Partido Avanza (AVANZA),Tiktok,2025-01-10,0.0
Partido Avanza (AVANZA),Tiktok,2025-01-11,1364.0
Partido Avanza (AVANZA),Tiktok,2025-01-12,0.0
Partido Avanza (AVANZA),Tiktok,2025-01-13,2817.5
Partido Avanza (AVANZA),Tiktok,2025-01-14,9588.0
Partido Avanza (AVANZA),Tiktok,2025-01-15,3686.7
Partido Avanza (AVANZA),Tiktok,2025-01-16,497.0
Partido Avanza (AVANZA),Tiktok,2025-01-17,336.0
Partido Avanza (AVANZA),Tiktok,2025-01-18,1481.95
Partido Avanza (AVANZA),Tiktok,2025-01-19,2219.5
Partido Avanza (AVANZA),Tiktok,2025-01-20,1714.5
Partido Avanza (AVANZA),Tiktok,2025-01-21,5687.0
Partido Avanza (AVANZA),Tiktok,2025-01-22,457.08
Partido Avanza (AVANZA),Tiktok,2025-01-23,14.12
Partido Avanza (AVANZA),X,2025-01-01,0.0
Partido Avanza (AVANZA),X,2025-01-02,0.0
Partido Avanza (AVANZA),X,2025-01-03,0.0
Partido Avanza (AVANZA),X,2025-01-04,0.0
Partido Avanza (AVANZA),X,2025-01-05,245.13
Partido Avanza (AVANZA),X,2025-01-06,0.21
Partido Avanza (AVANZA),X,2025-01-07,0.1
Partido Avanza (AVANZA),X,2025-01-08,0.0
Partido Avanza (AVANZA),X,2025-01-09,0.0
Partido Avanza (AVANZA),X,2025-01-10,0.0
Partido Avanza (AVANZA),X,2025-01-11,0.0
Partido Avanza (AVANZA),X,2025-01-12,1306.75
Partido Avanza (AVANZA),X,2025-01-13,4.65
Partido Avanza (AVANZA),X,2025-01-14,6.95
Partido Avanza (AVANZA),X,2025-01-15,2.35
Partido Avanza (AVANZA),X,2025-01-16,0.6
Partido Avanza (AVANZA),X,2025-01-17,4.8
Partido Avanza (AVANZA),X,2025-01-18,0.0
Partido Avanza (AVANZA),X,2025-01-19,3.4
Partido Avanza (AVANZA),X,2025-01-20,14.32
Partido Avanza (AVANZA),X,2025-01-21,1159.1
Partido Avanza (AVANZA),X,2025-01-22,37.56
Partido Avanza (AVANZA),X,2025-01-23,0.31
Partido Izquierda Democrática (ID),Facebook,2025-01-01,0.0
Partido Izquierda Democrática (ID),Facebook,2025-01-02,0.0
Partido Izquierda Democrática (ID),Facebook,2025-01-03,0.0
Partido Izquierda Democrática (ID),Facebook,2025-01-04,0.0
Partido Izquierda Democrática (ID),Facebook,2025-01-05,0.0
Partido Izquierda Democrática (ID),Facebook,2025-01-06,0.0
Partido Izquierda Democrática (ID),Facebook,2025-01-07,0.0
Partido Izquierda Democrática (ID),Facebook,2025-01-08,0.0
Partido Izquierda Democrática (ID),Facebook,2025-01-09,0.0
Partido Izquierda Democrática (ID),Facebook,2025-01-10,0.0
Partido Izquierda Democrática (ID),Facebook,2025-01-11,0.0
Partido Izquierda Democrática (ID),Facebook,2025-01-12,0.0
Partido Izquierda Democrática (ID),Facebook,2025-01-13,0.0
Partido Izquierda Democrática (ID),Facebook,2025-01-14,0.0
Partido Izquierda Democrática (ID),Facebook,2025-01-15,0.0
Partido Izquierda Democrática (ID),Facebook,2025-01-16,0.0
Partido Izquierda Democrática (ID),Facebook,2025-01-17,0.0
Partido Izquierda Democrática (ID),Facebook,2025-01-18,0.0
Partido Izquierda Democrática (ID),Facebook,2025-01-19,0.0
Partido Izquierda Democrática (ID),Facebook,2025-01-20,0.0
Partido Izquierda Democrática (ID),Facebook,2025-01-21,0.0
Partido Izquierda Democrática (ID),Facebook,2025-01-22,0.0
Partido Izquierda Democrática (ID),Facebook,2025-01-23,0.0
Partido Izquierda Democrática (ID),Instagram,2025-01-01,0.0
Partido Izquierda Democrática (ID),Instagram,2025-01-02,0.0
Partido Izquierda Democrática (ID),Instagram,2025-01-03,0.0
Partido Izquierda Democrática (ID),Instagram,2025-01-04,0.0
Partido Izquierda Democrática (ID),Instagram,2025-01-05,0.0
Partido Izquierda Democrática (ID),Instagram,2025-01-06,0.0
Partido Izquierda Democrática (ID),Instagram,2025-01-07,0.0
Partido Izquierda Democrática (ID),Instagram,2025-01-08,0.0
Partido Izquierda Democrática (ID),Instagram,2025-01-09,0.0
Partido Izquierda Democrática (ID),Instagram,2025-01-10,0.0
Partido Izquierda Democrática (ID),Instagram,2025-01-11,0.0
Partido Izquierda Democrática (ID),Instagram,2025-01-12,0.0
Partido Izquierda Democrática (ID),Instagram,2025-01-13,0.0
Partido Izquierda Democrática (ID),Instagram,2025-01-14,0.0
Partido Izquierda Democrática (ID),Instagram,2025-01-15,0.0
Partido Izquierda Democrática (ID),Instagram,2025-01-16,0.0
Partido Izquierda Democrática (ID),Instagram,2025-01-17,0.0
Partido Izquierda Democrática (ID),Instagram,2025-01-18,0.0
Partido Izquierda Democrática (ID),Instagram,2025-01-19,0.0
Partido Izquierda Democrática (ID),Instagram,2025-01-20,0.0
Partido Izquierda Democrática (ID),Instagram,2025-01-21,0.0
Partido Izquierda Democrática (ID),Instagram,2025-01-22,0.0
Partido Izquierda Democrática (ID),Instagram,2025-01-23,0.0
Partido Izquierda Democrática (ID),Tiktok,2025-01-01,0.0
Partido Izquierda Democrática (ID),Tiktok,2025-01-02,0.0
Partido Izquierda Democrática (ID),Tiktok,2025-01-03,38.5
Partido Izquierda Democrática (ID),Tiktok,2025-01-04,0.0
Partido Izquierda Democrática (ID),Tiktok,2025-01-05,0.0
Partido Izquierda Democrática (ID),Tiktok,2025-01-06,59.4
Partido Izquierda Democrática (ID),Tiktok,2025-01-07,32.34
Partido Izquierda Democrática (ID),Tiktok,2025-01-08,0.0
Partido Izquierda Democrática (ID),Tiktok,2025-01-09,0.0
Partido Izquierda Democrática (ID),Tiktok,2025-01-10,0.0
Partido Izquierda Democrática (ID),Tiktok,2025-01-11,0.0
Partido Izquierda Democrática (ID),Tiktok,2025-01-12,0.0
Partido Izquierda Democrática (ID),Tiktok,2025-01-13,0.0
Partido Izquierda Democrática (ID),Tiktok,2025-01-14,369.76
Partido Izquierda Democrática (ID),Tiktok,2025-01-15,0.0
Partido Izquierda Democrática (ID),Tiktok,2025-01-16,59.71
Partido Izquierda Democrática (ID),Tiktok,2025-01-17,40.47
Partido Izquierda Democrática (ID),Tiktok,2025-01-18,41.95
Partido Izquierda Democrática (ID),Tiktok,2025-01-19,710.0
Partido Izquierda Democrática (ID),Tiktok,2025-01-20,11.28
Partido Izquierda Democrática (ID),Tiktok,2025-01-21,59.89
Partido Izquierda Democrática (ID),Tiktok,2025-01-22,11.24
Partido Izquierda Democrática (ID),Tiktok,2025-01-23,3.12
Partido Izquierda Democrática (ID),X,2025-01-01,0.0
Partido Izquierda Democrática (ID),X,2025-01-02,0.0
Partido Izquierda Democrática (ID),X,2025-01-03,0.0
Partido Izquierda Democrática (ID),X,2025-01-04,0.0
Partido Izquierda Democrática (ID),X,2025-01-05,0.0
Partido Izquierda Democrática (ID),X,2025-01-06,0.0
Partido Izquierda Democrática (ID),X,2025-01-07,0.0
Partido Izquierda Democrática (ID),X,2025-01-08,0.0
Partido Izquierda Democrática (ID),X,2025-01-09,0.0
Partido Izquierda Democrática (ID),X,2025-01-10,0.0
Partido Izquierda Democrática (ID),X,2025-01-11,0.0
Partido Izquierda Democrática (ID),X,2025-01-12,0.0
Partido Izquierda Democrática (ID),X,2025-01-13,0.0
Partido Izquierda Democrática (ID),X,2025-01-14,0.0
Partido Izquierda Democrática (ID),X,2025-01-15,0.0
Partido Izquierda Democrática (ID),X,2025-01-16,0.0
Partido Izquierda Democrática (ID),X,2025-01-17,0.0
Partido Izquierda Democrática (ID),X,2025-01-18,1.2
Partido Izquierda Democrática (ID),X,2025-01-19,0.0
Partido Izquierda Democrática (ID),X,2025-01-20,0.0
Partido Izquierda Democrática (ID),X,2025-01-21,0.0
Partido Izquierda Democrática (ID),X,2025-01-22,5.38
Partido Izquierda Democrática (ID),X,2025-01-23,0.0
Partido Social Cristiano (PSC),Facebook,2025-01-01,1132.73
Partido Social Cristiano (PSC),Facebook,2025-01-02,1178.31
Partido Social Cristiano (PSC),Facebook,2025-01-03,831.81
Partido Social Cristiano (PSC),Facebook,2025-01-04,793.04
Partido Social Cristiano (PSC),Facebook,2025-01-05,789.55
Partido Social Cristiano (PSC),Facebook,2025-01-06,806.82
Partido Social Cristiano (PSC),Facebook,2025-01-07,817.86
Partido Social Cristiano (PSC),Facebook,2025-01-08,641.07
Partido Social Cristiano (PSC),Facebook,2025-01-09,951.68
Partido Social Cristiano (PSC),Facebook,2025-01-10,1217.94
Partido Social Cristiano (PSC),Facebook,2025-01-11,1893.48
Partido Social Cristiano (PSC),Facebook,2025-01-12,2878.05
Partido Social Cristiano (PSC),Facebook,2025-01-13,2803.8
Partido Social Cristiano (PSC),Facebook,2025-01-14,1963.19
Partido Social Cristiano (PSC),Facebook,2025-01-15,2088.02
Partido Social Cristiano (PSC),Facebook,2025-01-16,2421.4
Partido Social Cristiano (PSC),Facebook,2025-01-17,2338.9
Partido Social Cristiano (PSC),Facebook,2025-01-18,2529.33
Partido Social Cristiano (PSC),Facebook,2025-01-19,2060.84
Partido Social Cristiano (PSC),Facebook,2025-01-20,1594.66
Partido Social Cristiano (PSC),Facebook,2025-01-21,2031.58
Partido Social Cristiano (PSC),Facebook,2025-01-22,1919.37
Partido Social Cristiano (PSC),Facebook,2025-01-23,554.95
Partido Social Cristiano (PSC),Instagram,2025-01-01,1429.73
Partido Social Cristiano (PSC),Instagram,2025-01-02,1500.56
Partido Social Cristiano (PSC),Instagram,2025-01-03,1055.06
Partido Social Cristiano (PSC),Instagram,2025-01-04,991.54
Partido Social Cristiano (PSC),Instagram,2025-01-05,988.05
Partido Social Cristiano (PSC),Instagram,2025-01-06,980.07
Partido Social Cristiano (PSC),Instagram,2025-01-07,1081.86
Partido Social Cristiano (PSC),Instagram,2025-01-08,830.82
Partido Social Cristiano (PSC),Instagram,2025-01-09,1241.03
Partido Social Cristiano (PSC),Instagram,2025-01-10,1540.29
Partido Social Cristiano (PSC),Instagram,2025-01-11,2471.58
Partido Social Cristiano (PSC),Instagram,2025-01-12,3786.48
Partido Social Cristiano (PSC),Instagram,2025-01-13,3456.48
Partido Social Cristiano (PSC),Instagram,2025-01-14,2245.68
Partido Social Cristiano (PSC),Instagram,2025-01-15,2436.5
Partido Social Cristiano (PSC),Instagram,2025-01-16,2835.88
Partido Social Cristiano (PSC),Instagram,2025-01-17,2745.13
Partido Social Cristiano (PSC),Instagram,2025-01-18,2885.73
Partido Social Cristiano (PSC),Instagram,2025-01-19,2485.89
Partido Social Cristiano (PSC),Instagram,2025-01-20,1953.71
Partido Social Cristiano (PSC),Instagram,2025-01-21,2539.13
Partido Social Cristiano (PSC),Instagram,2025-01-22,2360.92
Partido Social Cristiano (PSC),Instagram,2025-01-23,823.25
Partido Social Cristiano (PSC),Tiktok,2025-01-01,0.0
Partido Social Cristiano (PSC),Tiktok,2025-01-02,0.0
Partido Social Cristiano (PSC),Tiktok,2025-01-03,0.0
Partido Social Cristiano (PSC),Tiktok,2025-01-04,329.89
Partido Social Cristiano (PSC),Tiktok,2025-01-05,0.0
Partido Social Cristiano (PSC),Tiktok,2025-01-06,0.0
Partido Social Cristiano (PSC),Tiktok,2025-01-07,28.16
Partido Social Cristiano (PSC),Tiktok,2025-01-08,294.03
Partido Social Cristiano (PSC),Tiktok,2025-01-09,0.0
Partido Social Cristiano (PSC),Tiktok,2025-01-10,396.44
Partido Social Cristiano (PSC),Tiktok,2025-01-11,88.88
Partido Social Cristiano (PSC),Tiktok,2025-01-12,200.86
Partido Social Cristiano (PSC),Tiktok,2025-01-13,3087.0
Partido Social Cristiano (PSC),Tiktok,2025-01-14,602.82
Partido Social Cristiano (PSC),Tiktok,2025-01-15,0.0
Partido Social Cristiano (PSC),Tiktok,2025-01-16,0.0
Partido Social Cristiano (PSC),Tiktok,2025-01-17,34.26
Partido Social Cristiano (PSC),Tiktok,2025-01-18,64.35
Partido Social Cristiano (PSC),Tiktok,2025-01-19,118.92
Partido Social Cristiano (PSC),Tiktok,2025-01-20,30.63
Partido Social Cristiano (PSC),Tiktok,2025-01-21,314.0
Partido Social Cristiano (PSC),Tiktok,2025-01-22,3.19
Partido Social Cristiano (PSC),Tiktok,2025-01-23,0.0
Partido Social Cristiano (PSC),X,2025-01-01,0.0
Partido Social Cristiano (PSC),X,2025-01-02,0.0
Partido Social Cristiano (PSC),X,2025-01-03,0.0
Partido Social Cristiano (PSC),X,2025-01-04,0.0
Partido Social Cristiano (PSC),X,2025-01-05,0.0
Partido Social Cristiano (PSC),X,2025-01-06,0.0
Partido Social Cristiano (PSC),X,2025-01-07,0.0
Partido Social Cristiano (PSC),X,2025-01-08,4.9
Partido Social Cristiano (PSC),X,2025-01-09,0.0
Partido Social Cristiano (PSC),X,2025-01-10,0.0
Partido Social Cristiano (PSC),X,2025-01-11,0.0
Partido Social Cristiano (PSC),X,2025-01-12,230.35
Partido Social Cristiano (PSC),X,2025-01-13,0.0
Partido Social Cristiano (PSC),X,2025-01-14,0.0
Partido Social Cristiano (PSC),X,2025-01-15,6.15
Partido Social Cristiano (PSC),X,2025-01-16,0.0
Partido Social Cristiano (PSC),X,2025-01-17,5.05
Partido Social Cristiano (PSC),X,2025-01-18,7.1
Partido Social Cristiano (PSC),X,2025-01-19,0.0
Partido Social Cristiano (PSC),X,2025-01-20,0.0
Partido Social Cristiano (PSC),X,2025-01-21,3.03
Partido Social Cristiano (PSC),X,2025-01-22,2.95
Partido Social Cristiano (PSC),X,2025-01-23,1.62
Partido Socialista Ecuatoriano (PSE),Facebook,2025-01-01,0.0
Partido Socialista Ecuatoriano (PSE),Facebook,2025-01-02,0.0
Partido Socialista Ecuatoriano (PSE),Facebook,2025-01-03,0.0
Partido Socialista Ecuatoriano (PSE),Facebook,2025-01-04,0.0
Partido Socialista Ecuatoriano (PSE),Facebook,2025-01-05,0.0
Partido Socialista Ecuatoriano (PSE),Facebook,2025-01-06,0.0
Partido Socialista Ecuatoriano (PSE),Facebook,2025-01-07,0.0
Partido Socialista Ecuatoriano (PSE),Facebook,2025-01-08,0.0
Partido Socialista Ecuatoriano (PSE),Facebook,2025-01-09,0.0
Partido Socialista Ecuatoriano (PSE),Facebook,2025-01-10,0.0
Partido Socialista Ecuatoriano (PSE),Facebook,2025-01-11,0.0
Partido Socialista Ecuatoriano (PSE),Facebook,2025-01-12,0.0
Partido Socialista Ecuatoriano (PSE),Facebook,2025-01-13,0.0
Partido Socialista Ecuatoriano (PSE),Facebook,2025-01-14,0.0
Partido Socialista Ecuatoriano (PSE),Facebook,2025-01-15,0.0
Partido Socialista Ecuatoriano (PSE),Facebook,2025-01-16,0.0
Partido Socialista Ecuatoriano (PSE),Facebook,2025-01-17,0.0
Partido Socialista Ecuatoriano (PSE),Facebook,2025-01-18,0.0
Partido Socialista Ecuatoriano (PSE),Facebook,2025-01-19,0.0
Partido Socialista Ecuatoriano (PSE),Facebook,2025-01-20,0.0
Partido Socialista Ecuatoriano (PSE),Facebook,2025-01-21,0.0
Partido Socialista Ecuatoriano (PSE),Facebook,2025-01-22,0.0
Partido Socialista Ecuatoriano (PSE),Facebook,2025-01-23,0.0
Partido Socialista Ecuatoriano (PSE),Instagram,2025-01-01,0.0
Partido Socialista Ecuatoriano (PSE),Instagram,2025-01-02,0.0
Partido Socialista Ecuatoriano (PSE),Instagram,2025-01-03,0.0
Partido Socialista Ecuatoriano (PSE),Instagram,2025-01-04,0.0
Partido Socialista Ecuatoriano (PSE),Instagram,2025-01-05,0.0
Partido Socialista Ecuatoriano (PSE),Instagram,2025-01-06,0.0
Partido Socialista Ecuatoriano (PSE),Instagram,2025-01-07,0.0
Partido Socialista Ecuatoriano (PSE),Instagram,2025-01-08,0.0
Partido Socialista Ecuatoriano (PSE),Instagram,2025-01-09,0.0
Partido Socialista Ecuatoriano (PSE),Instagram,2025-01-10,0.0
Partido Socialista Ecuatoriano (PSE),Instagram,2025-01-11,0.0
Partido Socialista Ecuatoriano (PSE),Instagram,2025-01-12,0.0
Partido Socialista Ecuatoriano (PSE),Instagram,2025-01-13,0.0
Partido Socialista Ecuatoriano (PSE),Instagram,2025-01-14,0.0
Partido Socialista Ecuatoriano (PSE),Instagram,2025-01-15,0.0
Partido Socialista Ecuatoriano (PSE),Instagram,2025-01-16,0.0
Partido Socialista Ecuatoriano (PSE),Instagram,2025-01-17,0.0
Partido Socialista Ecuatoriano (PSE),Instagram,2025-01-18,0.0
Partido Socialista Ecuatoriano (PSE),Instagram,2025-01-19,0.0
Partido Socialista Ecuatoriano (PSE),Instagram,2025-01-20,0.0
Partido Socialista Ecuatoriano (PSE),Instagram,2025-01-21,0.0
Partido Socialista Ecuatoriano (PSE),Instagram,2025-01-22,0.0
Partido Socialista Ecuatoriano (PSE),Instagram,2025-01-23,0.0
Partido Socialista Ecuatoriano (PSE),Tiktok,2025-01-01,0.0
Partido Socialista Ecuatoriano (PSE),Tiktok,2025-01-02,0.0
Partido Socialista Ecuatoriano (PSE),Tiktok,2025-01-03,0.0
Partido Socialista Ecuatoriano (PSE),Tiktok,2025-01-04,0.0
Partido Socialista Ecuatoriano (PSE),Tiktok,2025-01-05,0.0
Partido Socialista Ecuatoriano (PSE),Tiktok,2025-01-06,0.0
Partido Socialista Ecuatoriano (PSE),Tiktok,2025-01-07,0.0
Partido Socialista Ecuatoriano (PSE),Tiktok,2025-01-08,303.93
Partido Socialista Ecuatoriano (PSE),Tiktok,2025-01-09,193.05
Partido Socialista Ecuatoriano (PSE),Tiktok,2025-01-10,41.03
Partido Socialista Ecuatoriano (PSE),Tiktok,2025-01-11,211.2
Partido Socialista Ecuatoriano (PSE),Tiktok,2025-01-12,0.0
Partido Socialista Ecuatoriano (PSE),Tiktok,2025-01-13,0.0
Partido Socialista Ecuatoriano (PSE),Tiktok,2025-01-14,0.0
Partido Socialista Ecuatoriano (PSE),Tiktok,2025-01-15,0.0
Partido Socialista Ecuatoriano (PSE),Tiktok,2025-01-16,0.0
Partido Socialista Ecuatoriano (PSE),Tiktok,2025-01-17,0.0
Partido Socialista Ecuatoriano (PSE),Tiktok,2025-01-18,0.0
Partido Socialista Ecuatoriano (PSE),Tiktok,2025-01-19,0.0
Partido Socialista Ecuatoriano (PSE),Tiktok,2025-01-20,0.0
Partido Socialista Ecuatoriano (PSE),Tiktok,2025-01-21,0.0
Partido Socialista Ecuatoriano (PSE),Tiktok,2025-01-22,0.0
Partido Socialista Ecuatoriano (PSE),Tiktok,2025-01-23,0.0
Partido Socialista Ecuatoriano (PSE),X,2025-01-01,0.0
Partido Socialista Ecuatoriano (PSE),X,2025-01-02,0.0
Partido Socialista Ecuatoriano (PSE),X,2025-01-03,0.0
Partido Socialista Ecuatoriano (PSE),X,2025-01-04,0.0
Partido Socialista Ecuatoriano (PSE),X,2025-01-05,0.0
Partido Socialista Ecuatoriano (PSE),X,2025-01-06,0.0
Partido Socialista Ecuatoriano (PSE),X,2025-01-07,0.0
Partido Socialista Ecuatoriano (PSE),X,2025-01-08,0.5
Partido Socialista Ecuatoriano (PSE),X,2025-01-09,0.0
Partido Socialista Ecuatoriano (PSE),X,2025-01-10,0.0
Partido Socialista Ecuatoriano (PSE),X,2025-01-11,0.0
Partido Socialista Ecuatoriano (PSE),X,2025-01-12,0.0
Partido Socialista Ecuatoriano (PSE),X,2025-01-13,0.0
Partido Socialista Ecuatoriano (PSE),X,2025-01-14,0.0
Partido Socialista Ecuatoriano (PSE),X,2025-01-15,0.0
Partido Socialista Ecuatoriano (PSE),X,2025-01-16,0.0
Partido Socialista Ecuatoriano (PSE),X,2025-01-17,0.0
Partido Socialista Ecuatoriano (PSE),X,2025-01-18,0.0
Partido Socialista Ecuatoriano (PSE),X,2025-01-19,0.0
Partido Socialista Ecuatoriano (PSE),X,2025-01-20,0.0
Partido Socialista Ecuatoriano (PSE),X,2025-01-21,0.0
Partido Socialista Ecuatoriano (PSE),X,2025-01-22,0.0
Partido Socialista Ecuatoriano (PSE),X,2025-01-23,0.0
Partido Sociedad Patriótica 21 De Enero (PSP),Facebook,2025-01-01,0.0
Partido Sociedad Patriótica 21 De Enero (PSP),Facebook,2025-01-02,0.0
Partido Sociedad Patriótica 21 De Enero (PSP),Facebook,2025-01-03,0.0
Partido Sociedad Patriótica 21 De Enero (PSP),Facebook,2025-01-04,0.0
Partido Sociedad Patriótica 21 De Enero (PSP),Facebook,2025-01-05,0.0
Partido Sociedad Patriótica 21 De Enero (PSP),Facebook,2025-01-06,0.0
Partido Sociedad Patriótica 21 De Enero (PSP),Facebook,2025-01-07,0.0
Partido Sociedad Patriótica 21 De Enero (PSP),Facebook,2025-01-08,0.0
Partido Sociedad Patriótica 21 De Enero (PSP),Facebook,2025-01-09,0.0
Partido Sociedad Patriótica 21 De Enero (PSP),Facebook,2025-01-10,0.0
Partido Sociedad Patriótica 21 De Enero (PSP),Facebook,2025-01-11,0.0
Partido Sociedad Patriótica 21 De Enero (PSP),Facebook,2025-01-12,0.0
Partido Sociedad Patriótica 21 De Enero (PSP),Facebook,2025-01-13,0.0
Partido Sociedad Patriótica 21 De Enero (PSP),Facebook,2025-01-14,0.0
Partido Sociedad Patriótica 21 De Enero (PSP),Facebook,2025-01-15,0.0
Partido Sociedad Patriótica 21 De Enero (PSP),Facebook,2025-01-16,0.0
Partido Sociedad Patriótica 21 De Enero (PSP),Facebook,2025-01-17,0.0
Partido Sociedad Patriótica 21 De Enero (PSP),Facebook,2025-01-18,0.0
Partido Sociedad Patriótica 21 De Enero (PSP),Facebook,2025-01-19,0.0
Partido Sociedad Patriótica 21 De Enero (PSP),Facebook,2025-01-20,0.0
Partido Sociedad Patriótica 21 De Enero (PSP),Facebook,2025-01-21,0.0
Partido Sociedad Patriótica 21 De Enero (PSP),Facebook,2025-01-22,0.0
Partido Sociedad Patriótica 21 De Enero (PSP),Facebook,2025-01-23,0.0
Partido Sociedad Patriótica 21 De Enero (PSP),Instagram,2025-01-01,0.0
Partido Sociedad Patriótica 21 De Enero (PSP),Instagram,2025-01-02,0.0
Partido Sociedad Patriótica 21 De Enero (PSP),Instagram,2025-01-03,0.0
Partido Sociedad Patriótica 21 De Enero (PSP),Instagram,2025-01-04,0.0
Partido Sociedad Patriótica 21 De Enero (PSP),Instagram,2025-01-05,0.0
Partido Sociedad Patriótica 21 De Enero (PSP),Instagram,2025-01-06,0.0
Partido Sociedad Patriótica 21 De Enero (PSP),Instagram,2025-01-07,0.0
Partido Sociedad Patriótica 21 De Enero (PSP),Instagram,2025-01-08,0.0
Partido Sociedad Patriótica 21 De Enero (PSP),Instagram,2025-01-09,0.0
Partido Sociedad Patriótica 21 De Enero (PSP),Instagram,2025-01-10,0.0
Partido Sociedad Patriótica 21 De Enero (PSP),Instagram,2025-01-11,0.0
Partido Sociedad Patriótica 21 De Enero (PSP),Instagram,2025-01-12,0.0
Partido Sociedad Patriótica 21 De Enero (PSP),Instagram,2025-01-13,0.0
Partido Sociedad Patriótica 21 De Enero (PSP),Instagram,2025-01-14,0.0
Partido Sociedad Patriótica 21 De Enero (PSP),Instagram,2025-01-15,0.0
Partido Sociedad Patriótica 21 De Enero (PSP),Instagram,2025-01-16,0.0
Partido Sociedad Patriótica 21 De Enero (PSP),Instagram,2025-01-17,0.0
Partido Sociedad Patriótica 21 De Enero (PSP),Instagram,2025-01-18,0.0
Partido Sociedad Patriótica 21 De Enero (PSP),Instagram,2025-01-19,0.0
Partido Sociedad Patriótica 21 De Enero (PSP),Instagram,2025-01-20,0.0
Partido Sociedad Patriótica 21 De Enero (PSP),Instagram,2025-01-21,0.0
Partido Sociedad Patriótica 21 De Enero (PSP),Instagram,2025-01-22,0.0
Partido Sociedad Patriótica 21 De Enero (PSP),Instagram,2025-01-23,0.0
Partido Sociedad Patriótica 21 De Enero (PSP),Tiktok,2025-01-01,0.0
Partido Sociedad Patriótica 21 De Enero (PSP),Tiktok,2025-01-02,0.0
Partido Sociedad Patriótica 21 De Enero (PSP),Tiktok,2025-01-03,0.0
Partido Sociedad Patriótica 21 De Enero (PSP),Tiktok,2025-01-04,0.0
Partido Sociedad Patriótica 21 De Enero (PSP),Tiktok,2025-01-05,3630.0
Partido Sociedad Patriótica 21 De Enero (PSP),Tiktok,2025-01-06,10219.22
Partido Sociedad Patriótica 21 De Enero (PSP),Tiktok,2025-01-07,0.0
Partido Sociedad Patriótica 21 De Enero (PSP),Tiktok,2025-01-08,2101.22
Partido Sociedad Patriótica 21 De Enero (PSP),Tiktok,2025-01-09,13770.4
Partido Sociedad Patriótica 21 De Enero (PSP),Tiktok,2025-01-10,0.0
Partido Sociedad Patriótica 21 De Enero (PSP),Tiktok,2025-01-11,52743.9
Partido Sociedad Patriótica 21 De Enero (PSP),Tiktok,2025-01-12,3474.68
Partido Sociedad Patriótica 21 De Enero (PSP),Tiktok,2025-01-13,8621.98
Partido Sociedad Patriótica 21 De Enero (PSP),Tiktok,2025-01-14,34344.41
Partido Sociedad Patriótica 21 De Enero (PSP),Tiktok,2025-01-15,753.6
Partido Sociedad Patriótica 21 De Enero (PSP),Tiktok,2025-01-16,14708.65
Partido Sociedad Patriótica 21 De Enero (PSP),Tiktok,2025-01-17,13218.0
Partido Sociedad Patriótica 21 De Enero (PSP),Tiktok,2025-01-18,4622.0
Partido Sociedad Patriótica 21 De Enero (PSP),Tiktok,2025-01-19,8518.0
Partido Sociedad Patriótica 21 De Enero (PSP),Tiktok,2025-01-20,6563.5
Partido Sociedad Patriótica 21 De Enero (PSP),Tiktok,2025-01-21,1523.0
Partido Sociedad Patriótica 21 De Enero (PSP),Tiktok,2025-01-22,0.0
Partido Sociedad Patriótica 21 De Enero (PSP),Tiktok,2025-01-23,0.0
Partido Sociedad Patriótica 21 De Enero (PSP),X,2025-01-01,0.0
Partido Sociedad Patriótica 21 De Enero (PSP),X,2025-01-02,0.0
Partido Sociedad Patriótica 21 De Enero (PSP),X,2025-01-03,0.0
Partido Sociedad Patriótica 21 De Enero (PSP),X,2025-01-04,0.0
Partido Sociedad Patriótica 21 De Enero (PSP),X,2025-01-05,0.0
Partido Sociedad Patriótica 21 De Enero (PSP),X,2025-01-06,0.0
Partido Sociedad Patriótica 21 De Enero (PSP),X,2025-01-07,0.0
Partido Sociedad Patriótica 21 De Enero (PSP),X,2025-01-08,0.0
Partido Sociedad Patriótica 21 De Enero (PSP),X,2025-01-09,0.0
Partido Sociedad Patriótica 21 De Enero (PSP),X,2025-01-10,0.0
Partido Sociedad Patriótica 21 De Enero (PSP),X,2025-01-11,0.0
Partido Sociedad Patriótica 21 De Enero (PSP),X,2025-01-12,0.0
Partido Sociedad Patriótica 21 De Enero (PSP),X,2025-01-13,0.0
Partido Sociedad Patriótica 21 De Enero (PSP),X,2025-01-14,0.0
Partido Sociedad Patriótica 21 De Enero (PSP),X,2025-01-15,0.0
Partido Sociedad Patriótica 21 De Enero (PSP),X,2025-01-16,0.0
Partido Sociedad Patriótica 21 De Enero (PSP),X,2025-01-17,0.0
Partido Sociedad Patriótica 21 De Enero (PSP),X,2025-01-18,0.0
Partido Sociedad Patriótica 21 De Enero (PSP),X,2025-01-19,0.0
Partido Sociedad Patriótica 21 De Enero (PSP),X,2025-01-20,0.0
Partido Sociedad Patriótica 21 De Enero (PSP),X,2025-01-21,15945.15
Partido Sociedad Patriótica 21 De Enero (PSP),X,2025-01-22,0.0
Partido Sociedad Patriótica 21 De Enero (PSP),X,2025-01-23,0.0
Partido Sociedad Unida Más Acción (SUMA),Facebook,2025-01-01,0.0
Partido Sociedad Unida Más Acción (SUMA),Facebook,2025-01-02,0.0
Partido Sociedad Unida Más Acción (SUMA),Facebook,2025-01-03,0.0
Partido Sociedad Unida Más Acción (SUMA),Facebook,2025-01-04,0.0
Partido Sociedad Unida Más Acción (SUMA),Facebook,2025-01-05,0.0
Partido Sociedad Unida Más Acción (SUMA),Facebook,2025-01-06,0.0
Partido Sociedad Unida Más Acción (SUMA),Facebook,2025-01-07,0.0
Partido Sociedad Unida Más Acción (SUMA),Facebook,2025-01-08,0.0
Partido Sociedad Unida Más Acción (SUMA),Facebook,2025-01-09,0.0
Partido Sociedad Unida Más Acción (SUMA),Facebook,2025-01-10,0.0
Partido Sociedad Unida Más Acción (SUMA),Facebook,2025-01-11,0.0
Partido Sociedad Unida Más Acción (SUMA),Facebook,2025-01-12,0.0
Partido Sociedad Unida Más Acción (SUMA),Facebook,2025-01-13,0.0
Partido Sociedad Unida Más Acción (SUMA),Facebook,2025-01-14,0.0
Partido Sociedad Unida Más Acción (SUMA),Facebook,2025-01-15,0.0
Partido Sociedad Unida Más Acción (SUMA),Facebook,2025-01-16,0.0
Partido Sociedad Unida Más Acción (SUMA),Facebook,2025-01-17,0.0
Partido Sociedad Unida Más Acción (SUMA),Facebook,2025-01-18,0.0
Partido Sociedad Unida Más Acción (SUMA),Facebook,2025-01-19,0.0
Partido Sociedad Unida Más Acción (SUMA),Facebook,2025-01-20,0.0
Partido Sociedad Unida Más Acción (SUMA),Facebook,2025-01-21,0.0
Partido Sociedad Unida Más Acción (SUMA),Facebook,2025-01-22,0.0
Partido Sociedad Unida Más Acción (SUMA),Facebook,2025-01-23,0.0
Partido Sociedad Unida Más Acción (SUMA),Instagram,2025-01-01,0.0
Partido Sociedad Unida Más Acción (SUMA),Instagram,2025-01-02,0.0
Partido Sociedad Unida Más Acción (SUMA),Instagram,2025-01-03,0.0
Partido Sociedad Unida Más Acción (SUMA),Instagram,2025-01-04,0.0
Partido Sociedad Unida Más Acción (SUMA),Instagram,2025-01-05,0.0
Partido Sociedad Unida Más Acción (SUMA),Instagram,2025-01-06,0.0
Partido Sociedad Unida Más Acción (SUMA),Instagram,2025-01-07,0.0
Partido Sociedad Unida Más Acción (SUMA),Instagram,2025-01-08,0.0
Partido Sociedad Unida Más Acción (SUMA),Instagram,2025-01-09,0.0
Partido Sociedad Unida Más Acción (SUMA),Instagram,2025-01-10,0.0
Partido Sociedad Unida Más Acción (SUMA),Instagram,2025-01-11,0.0
Partido Sociedad Unida Más Acción (SUMA),Instagram,2025-01-12,0.0
Partido Sociedad Unida Más Acción (SUMA),Instagram,2025-01-13,0.0
Partido Sociedad Unida Más Acción (SUMA),Instagram,2025-01-14,0.0
Partido Sociedad Unida Más Acción (SUMA),Instagram,2025-01-15,0.0
Partido Sociedad Unida Más Acción (SUMA),Instagram,2025-01-16,0.0
Partido Sociedad Unida Más Acción (SUMA),Instagram,2025-01-17,0.0
Partido Sociedad Unida Más Acción (SUMA),Instagram,2025-01-18,0.0
Partido Sociedad Unida Más Acción (SUMA),Instagram,2025-01-19,0.0
Partido Sociedad Unida Más Acción (SUMA),Instagram,2025-01-20,0.0
Partido Sociedad Unida Más Acción (SUMA),Instagram,2025-01-21,0.0
Partido Sociedad Unida Más Acción (SUMA),Instagram,2025-01-22,0.0
Partido Sociedad Unida Más Acción (SUMA),Instagram,2025-01-23,0.0
Partido Sociedad Unida Más Acción (SUMA),Tiktok,2025-01-01,0.0
Partido Sociedad Unida Más Acción (SUMA),Tiktok,2025-01-02,0.0
Partido Sociedad Unida Más Acción (SUMA),Tiktok,2025-01-03,0.0
Partido Sociedad Unida Más Acción (SUMA),Tiktok,2025-01-04,0.0
Partido Sociedad Unida Más Acción (SUMA),Tiktok,2025-01-05,120.96
Partido Sociedad Unida Más Acción (SUMA),Tiktok,2025-01-06,0.0
Partido Sociedad Unida Más Acción (SUMA),Tiktok,2025-01-07,0.0
Partido Sociedad Unida Más Acción (SUMA),Tiktok,2025-01-08,0.0
Partido Sociedad Unida Más Acción (SUMA),Tiktok,2025-01-09,19.14
Partido Sociedad Unida Más Acción (SUMA),Tiktok,2025-01-10,0.0
Partido Sociedad Unida Más Acción (SUMA),Tiktok,2025-01-11,45.0
Partido Sociedad Unida Más Acción (SUMA),Tiktok,2025-01-12,89.83
Partido Sociedad Unida Más Acción (SUMA),Tiktok,2025-01-13,0.0
Partido Sociedad Unida Más Acción (SUMA),Tiktok,2025-01-14,58.68
Partido Sociedad Unida Más Acción (SUMA),Tiktok,2025-01-15,25.84
Partido Sociedad Unida Más Acción (SUMA),Tiktok,2025-01-16,0.0
Partido Sociedad Unida Más Acción (SUMA),Tiktok,2025-01-17,0.0
Partido Sociedad Unida Más Acción (SUMA),Tiktok,2025-01-18,0.0
Partido Sociedad Unida Más Acción (SUMA),Tiktok,2025-01-19,84.33
Partido Sociedad Unida Más Acción (SUMA),Tiktok,2025-01-20,8.4
Partido Sociedad Unida Más Acción (SUMA),Tiktok,2025-01-21,3.99
Partido Sociedad Unida Más Acción (SUMA),Tiktok,2025-01-22,11.67
Partido Sociedad Unida Más Acción (SUMA),Tiktok,2025-01-23,0.0
Partido Sociedad Unida Más Acción (SUMA),X,2025-01-01,0.0
Partido Sociedad Unida Más Acción (SUMA),X,2025-01-02,0.0
Partido Sociedad Unida Más Acción (SUMA),X,2025-01-03,0.0
Partido Sociedad Unida Más Acción (SUMA),X,2025-01-04,0.0
Partido Sociedad Unida Más Acción (SUMA),X,2025-01-05,0.0
Partido Sociedad Unida Más Acción (SUMA),X,2025-01-06,0.0
Partido Sociedad Unida Más Acción (SUMA),X,2025-01-07,0.0
Partido Sociedad Unida Más Acción (SUMA),X,2025-01-08,0.0
Partido Sociedad Unida Más Acción (SUMA),X,2025-01-09,0.0
Partido Sociedad Unida Más Acción (SUMA),X,2025-01-10,0.0
Partido Sociedad Unida Más Acción (SUMA),X,2025-01-11,0.0
Partido Sociedad Unida Más Acción (SUMA),X,2025-01-12,0.0
Partido Sociedad Unida Más Acción (SUMA),X,2025-01-13,0.0
Partido Sociedad Unida Más Acción (SUMA),X,2025-01-14,0.0
Partido Sociedad Unida Más Acción (SUMA),X,2025-01-15,0.0
Partido Sociedad Unida Más Acción (SUMA),X,2025-01-16,0.0
Partido Sociedad Unida Más Acción (SUMA),X,2025-01-17,0.0
Partido Sociedad Unida Más Acción (SUMA),X,2025-01-18,0.0
Partido Sociedad Unida Más Acción (SUMA),X,2025-01-19,0.0
Partido Sociedad Unida Más Acción (SUMA),X,2025-01-20,0.0
Partido Sociedad Unida Más Acción (SUMA),X,2025-01-21,0.0
Partido Sociedad Unida Más Acción (SUMA),X,2025-01-22,0.0
Partido Sociedad Unida Más Acción (SUMA),X,2025-01-23,0.0
Partido Unidad Popular (UP),Facebook,2025-01-01,45.83
Partido Unidad Popular (UP),Facebook,2025-01-02,45.83
Partido Unidad Popular (UP),Facebook,2025-01-03,45.83
Partido Unidad Popular (UP),Facebook,2025-01-04,45.83
Partido Unidad Popular (UP),Facebook,2025-01-05,45.83
Partido Unidad Popular (UP),Facebook,2025-01-06,45.83
Partido Unidad Popular (UP),Facebook,2025-01-07,45.83
Partido Unidad Popular (UP),Facebook,2025-01-08,45.83
Partido Unidad Popular (UP),Facebook,2025-01-09,29.29
Partido Unidad Popular (UP),Facebook,2025-01-10,29.29
Partido Unidad Popular (UP),Facebook,2025-01-11,29.29
Partido Unidad Popular (UP),Facebook,2025-01-12,100.51
Partido Unidad Popular (UP),Facebook,2025-01-13,100.51
Partido Unidad Popular (UP),Facebook,2025-01-14,71.21
Partido Unidad Popular (UP),Facebook,2025-01-15,71.21
Partido Unidad Popular (UP),Facebook,2025-01-16,133.09
Partido Unidad Popular (UP),Facebook,2025-01-17,149.59
Partido Unidad Popular (UP),Facebook,2025-01-18,174.46
Partido Unidad Popular (UP),Facebook,2025-01-19,103.25
Partido Unidad Popular (UP),Facebook,2025-01-20,24.88
Partido Unidad Popular (UP),Facebook,2025-01-21,24.88
Partido Unidad Popular (UP),Facebook,2025-01-22,0.0
Partido Unidad Popular (UP),Facebook,2025-01-23,0.0
Partido Unidad Popular (UP),Instagram,2025-01-01,45.83
Partido Unidad Popular (UP),Instagram,2025-01-02,45.83
Partido Unidad Popular (UP),Instagram,2025-01-03,45.83
Partido Unidad Popular (UP),Instagram,2025-01-04,45.83
Partido Unidad Popular (UP),Instagram,2025-01-05,45.83
Partido Unidad Popular (UP),Instagram,2025-01-06,45.83
Partido Unidad Popular (UP),Instagram,2025-01-07,45.83
Partido Unidad Popular (UP),Instagram,2025-01-08,45.83
Partido Unidad Popular (UP),Instagram,2025-01-09,29.29
Partido Unidad Popular (UP),Instagram,2025-01-10,29.29
Partido Unidad Popular (UP),Instagram,2025-01-11,29.29
Partido Unidad Popular (UP),Instagram,2025-01-12,100.51
Partido Unidad Popular (UP),Instagram,2025-01-13,100.51
Partido Unidad Popular (UP),Instagram,2025-01-14,71.21
Partido Unidad Popular (UP),Instagram,2025-01-15,71.21
Partido Unidad Popular (UP),Instagram,2025-01-16,133.09
Partido Unidad Popular (UP),Instagram,2025-01-17,149.59
Partido Unidad Popular (UP),Instagram,2025-01-18,174.46
Partido Unidad Popular (UP),Instagram,2025-01-19,103.25
Partido Unidad Popular (UP),Instagram,2025-01-20,24.88
Partido Unidad Popular (UP),Instagram,2025-01-21,24.88
Partido Unidad Popular (UP),Instagram,2025-01-22,0.0
Partido Unidad Popular (UP),Instagram,2025-01-23,0.0
Partido Unidad Popular (UP),Tiktok,2025-01-01,0.0
Partido Unidad Popular (UP),Tiktok,2025-01-02,0.0
Partido Unidad Popular (UP),Tiktok,2025-01-03,0.0
Partido Unidad Popular (UP),Tiktok,2025-01-04,0.0
Partido Unidad Popular (UP),Tiktok,2025-01-05,0.0
Partido Unidad Popular (UP),Tiktok,2025-01-06,478.5
Partido Unidad Popular (UP),Tiktok,2025-01-07,238.26
Partido Unidad Popular (UP),Tiktok,2025-01-08,2134.11
Partido Unidad Popular (UP),Tiktok,2025-01-09,103.18
Partido Unidad Popular (UP),Tiktok,2025-01-10,92.29
Partido Unidad Popular (UP),Tiktok,2025-01-11,3774.87
Partido Unidad Popular (UP),Tiktok,2025-01-12,0.0
Partido Unidad Popular (UP),Tiktok,2025-01-13,417.05
Partido Unidad Popular (UP),Tiktok,2025-01-14,1748.0
Partido Unidad Popular (UP),Tiktok,2025-01-15,0.0
Partido Unidad Popular (UP),Tiktok,2025-01-16,0.0
Partido Unidad Popular (UP),Tiktok,2025-01-17,36.84
Partido Unidad Popular (UP),Tiktok,2025-01-18,0.0
Partido Unidad Popular (UP),Tiktok,2025-01-19,1687.44
Partido Unidad Popular (UP),Tiktok,2025-01-20,154.53
Partido Unidad Popular (UP),Tiktok,2025-01-21,0.0
Partido Unidad Popular (UP),Tiktok,2025-01-22,31.43
Partido Unidad Popular (UP),Tiktok,2025-01-23,0.0
Partido Unidad Popular (UP),X,2025-01-01,0.0
Partido Unidad Popular (UP),X,2025-01-02,0.0
Partido Unidad Popular (UP),X,2025-01-03,0.0
Partido Unidad Popular (UP),X,2025-01-04,0.0
Partido Unidad Popular (UP),X,2025-01-05,0.0
Partido Unidad Popular (UP),X,2025-01-06,0.0
Partido Unidad Popular (UP),X,2025-01-07,0.0
Partido Unidad Popular (UP),X,2025-01-08,0.0
Partido Unidad Popular (UP),X,2025-01-09,0.0
Partido Unidad Popular (UP),X,2025-01-10,0.0
Partido Unidad Popular (UP),X,2025-01-11,0.0
Partido Unidad Popular (UP),X,2025-01-12,0.0
Partido Unidad Popular (UP),X,2025-01-13,0.0
Partido Unidad Popular (UP),X,2025-01-14,0.0
Partido Unidad Popular (UP),X,2025-01-15,0.0
Partido Unidad Popular (UP),X,2025-01-16,0.0
Partido Unidad Popular (UP),X,2025-01-17,0.0
Partido Unidad Popular (UP),X,2025-01-18,0.0
Partido Unidad Popular (UP),X,2025-01-19,0.0
Partido Unidad Popular (UP),X,2025-01-20,0.0
Partido Unidad Popular (UP),X,2025-01-21,0.0
Partido Unidad Popular (UP),X,2025-01-22,0.0
Partido Unidad Popular (UP),X,2025-01-23,0.0
